-- MySQL dump 10.13  Distrib 8.0.23, for Linux (x86_64)
--
-- Host: stcnetwork.keenetic.pro    Database: vk
-- ------------------------------------------------------
-- Server version	8.0.23

/*!40101 SET @OLD_CHARACTER_SET_CLIENT=@@CHARACTER_SET_CLIENT */;
/*!40101 SET @OLD_CHARACTER_SET_RESULTS=@@CHARACTER_SET_RESULTS */;
/*!40101 SET @OLD_COLLATION_CONNECTION=@@COLLATION_CONNECTION */;
/*!50503 SET NAMES utf8mb4 */;
/*!40103 SET @OLD_TIME_ZONE=@@TIME_ZONE */;
/*!40103 SET TIME_ZONE='+00:00' */;
/*!40014 SET @OLD_UNIQUE_CHECKS=@@UNIQUE_CHECKS, UNIQUE_CHECKS=0 */;
/*!40014 SET @OLD_FOREIGN_KEY_CHECKS=@@FOREIGN_KEY_CHECKS, FOREIGN_KEY_CHECKS=0 */;
/*!40101 SET @OLD_SQL_MODE=@@SQL_MODE, SQL_MODE='NO_AUTO_VALUE_ON_ZERO' */;
/*!40111 SET @OLD_SQL_NOTES=@@SQL_NOTES, SQL_NOTES=0 */;

--
-- Table structure for table `communities`
--

DROP TABLE IF EXISTS `communities`;
/*!40101 SET @saved_cs_client     = @@character_set_client */;
/*!50503 SET character_set_client = utf8mb4 */;
CREATE TABLE `communities` (
  `id` int unsigned NOT NULL AUTO_INCREMENT COMMENT 'Идентификатор сроки',
  `name` varchar(150) CHARACTER SET utf8mb4 COLLATE utf8mb4_unicode_ci NOT NULL COMMENT 'Название группы',
  `created_at` datetime DEFAULT CURRENT_TIMESTAMP COMMENT 'Время создания строки',
  `updated_at` datetime DEFAULT CURRENT_TIMESTAMP ON UPDATE CURRENT_TIMESTAMP COMMENT 'Время обновления строки',
  PRIMARY KEY (`id`),
  UNIQUE KEY `name` (`name`)
) ENGINE=InnoDB AUTO_INCREMENT=11 DEFAULT CHARSET=utf8mb4 COLLATE=utf8mb4_unicode_ci COMMENT='Группы';
/*!40101 SET character_set_client = @saved_cs_client */;

--
-- Dumping data for table `communities`
--

LOCK TABLES `communities` WRITE;
/*!40000 ALTER TABLE `communities` DISABLE KEYS */;
INSERT INTO `communities` VALUES (1,'odit','1973-05-26 13:20:29','2011-10-26 15:41:27'),(2,'dignissimos','1989-09-18 21:04:10','1992-06-09 18:09:00'),(3,'officia','2018-05-01 02:54:18','1976-05-06 20:16:06'),(4,'ipsum','2011-05-12 07:43:07','2019-07-28 12:52:09'),(5,'nobis','2006-09-06 09:04:01','1996-07-19 22:13:37'),(6,'asperiores','2003-06-12 16:02:09','2009-01-12 15:21:28'),(7,'vero','1994-08-13 14:01:20','1999-05-14 01:10:09'),(8,'provident','1980-11-13 12:17:12','2003-05-29 18:09:35'),(9,'et','1993-05-16 19:23:05','1973-02-24 18:56:55'),(10,'est','1989-01-27 12:26:24','2016-07-10 19:31:02');
/*!40000 ALTER TABLE `communities` ENABLE KEYS */;
UNLOCK TABLES;

--
-- Table structure for table `communities_users`
--

DROP TABLE IF EXISTS `communities_users`;
/*!40101 SET @saved_cs_client     = @@character_set_client */;
/*!50503 SET character_set_client = utf8mb4 */;
CREATE TABLE `communities_users` (
  `community_id` int unsigned NOT NULL COMMENT 'Ссылка на группу',
  `user_id` int unsigned NOT NULL COMMENT 'Ссылка на пользователя',
  `created_at` datetime DEFAULT CURRENT_TIMESTAMP COMMENT 'Время создания строки',
  PRIMARY KEY (`community_id`,`user_id`) COMMENT 'Составной первичный ключ'
) ENGINE=InnoDB DEFAULT CHARSET=utf8mb4 COLLATE=utf8mb4_unicode_ci COMMENT='Участники групп, связь между пользователями и группами';
/*!40101 SET character_set_client = @saved_cs_client */;

--
-- Dumping data for table `communities_users`
--

LOCK TABLES `communities_users` WRITE;
/*!40000 ALTER TABLE `communities_users` DISABLE KEYS */;
INSERT INTO `communities_users` VALUES (1,1,'2005-05-17 17:33:12'),(1,11,'2001-01-30 13:29:55'),(1,21,'1985-02-22 20:55:04'),(1,31,'1988-06-03 11:12:52'),(1,41,'1980-02-06 22:09:27'),(1,51,'2010-02-20 21:30:47'),(1,61,'1979-05-04 19:32:41'),(1,71,'1999-04-27 05:40:21'),(1,81,'2007-10-09 03:13:52'),(1,91,'1998-06-26 05:34:41'),(2,2,'1990-06-20 23:28:09'),(2,12,'1984-02-02 18:16:33'),(2,22,'1972-09-12 11:08:13'),(2,32,'2005-05-02 15:34:39'),(2,42,'1989-09-19 06:38:57'),(2,52,'2019-11-09 22:03:05'),(2,62,'2016-05-17 22:53:05'),(2,72,'2017-11-22 13:43:07'),(2,82,'1977-05-21 18:26:55'),(2,92,'2000-09-01 04:59:48'),(3,3,'2007-11-04 17:59:57'),(3,13,'1981-05-20 12:42:27'),(3,23,'1979-02-07 15:07:04'),(3,33,'1981-03-23 22:58:21'),(3,43,'1993-11-27 01:46:25'),(3,53,'2000-07-02 14:12:35'),(3,63,'1979-09-05 13:45:29'),(3,73,'2019-10-03 00:31:10'),(3,83,'1977-05-16 10:09:31'),(3,93,'1974-06-04 03:14:37'),(4,4,'1974-05-04 12:52:35'),(4,14,'1994-09-04 15:57:15'),(4,24,'1983-03-27 10:31:52'),(4,34,'2005-08-18 09:49:42'),(4,44,'2020-10-30 16:43:12'),(4,54,'2006-10-27 09:05:56'),(4,64,'1974-02-05 20:10:09'),(4,74,'1976-12-12 16:57:42'),(4,84,'1993-07-13 13:30:08'),(4,94,'2008-07-17 09:14:40'),(5,5,'1975-11-12 05:21:20'),(5,15,'2013-10-04 21:16:45'),(5,25,'1998-01-24 23:27:35'),(5,35,'2002-06-11 06:29:02'),(5,45,'1970-01-11 12:30:48'),(5,55,'2001-03-01 22:45:12'),(5,65,'2011-07-10 06:51:34'),(5,75,'2008-09-23 09:06:45'),(5,85,'1987-05-03 11:11:44'),(5,95,'2010-05-18 10:40:40'),(6,6,'1976-04-29 14:39:23'),(6,16,'2015-04-06 21:57:08'),(6,26,'1996-05-09 20:36:38'),(6,36,'2009-01-14 11:39:11'),(6,46,'1996-06-12 10:55:16'),(6,56,'2019-08-27 21:41:18'),(6,66,'1986-11-15 18:51:21'),(6,76,'2017-12-08 01:33:23'),(6,86,'2012-02-03 03:19:09'),(6,96,'2016-07-15 17:34:07'),(7,7,'1976-07-04 18:40:37'),(7,17,'2008-10-31 11:20:20'),(7,27,'2009-02-04 10:21:25'),(7,37,'2006-09-05 22:18:43'),(7,47,'1980-09-21 12:09:08'),(7,57,'2011-04-25 08:24:50'),(7,67,'1971-05-09 04:47:59'),(7,77,'1970-08-26 12:00:17'),(7,87,'2001-06-01 13:50:17'),(7,97,'1979-08-12 01:17:30'),(8,8,'1981-01-16 06:21:41'),(8,18,'1984-07-20 02:04:28'),(8,28,'1997-11-26 03:23:17'),(8,38,'1978-05-25 05:38:02'),(8,48,'1973-04-11 11:46:37'),(8,58,'1981-01-12 22:59:42'),(8,68,'2020-09-18 17:17:03'),(8,78,'1986-07-28 06:48:10'),(8,88,'1982-09-13 07:11:31'),(8,98,'2009-05-11 03:43:41'),(9,9,'2006-08-01 08:10:04'),(9,19,'2001-02-02 12:30:31'),(9,29,'1979-02-14 13:10:52'),(9,39,'1979-11-06 12:09:08'),(9,49,'1971-11-25 12:39:34'),(9,59,'1986-05-16 11:42:33'),(9,69,'2020-03-11 04:09:38'),(9,79,'1985-07-06 21:30:58'),(9,89,'1988-08-11 16:25:26'),(9,99,'2020-02-07 07:22:53'),(10,10,'2003-10-21 20:08:16'),(10,20,'2010-08-01 10:56:34'),(10,30,'2020-06-26 01:37:11'),(10,40,'2015-10-09 03:07:46'),(10,50,'1994-09-11 05:04:14'),(10,60,'1992-02-08 06:38:14'),(10,70,'2018-07-25 10:41:09'),(10,80,'2009-09-16 11:06:23'),(10,90,'1971-07-09 21:45:06'),(10,100,'1997-12-29 16:12:45');
/*!40000 ALTER TABLE `communities_users` ENABLE KEYS */;
UNLOCK TABLES;

--
-- Table structure for table `friendship`
--

DROP TABLE IF EXISTS `friendship`;
/*!40101 SET @saved_cs_client     = @@character_set_client */;
/*!50503 SET character_set_client = utf8mb4 */;
CREATE TABLE `friendship` (
  `user_id` int unsigned NOT NULL COMMENT 'Ссылка на инициатора дружеских отношений',
  `friend_id` int unsigned NOT NULL COMMENT 'Ссылка на получателя приглашения дружить',
  `status_id` int unsigned NOT NULL COMMENT 'Ссылка на статус (текущее состояние) отношений',
  `requested_at` datetime DEFAULT CURRENT_TIMESTAMP COMMENT 'Время отправления приглашения дружить',
  `confirmed_at` datetime DEFAULT NULL COMMENT 'Время подтверждения приглашения',
  `created_at` datetime DEFAULT CURRENT_TIMESTAMP COMMENT 'Время создания строки',
  `updated_at` datetime DEFAULT CURRENT_TIMESTAMP ON UPDATE CURRENT_TIMESTAMP COMMENT 'Время обновления строки',
  PRIMARY KEY (`user_id`,`friend_id`) COMMENT 'Составной первичный ключ'
) ENGINE=InnoDB DEFAULT CHARSET=utf8mb4 COLLATE=utf8mb4_unicode_ci COMMENT='Таблица дружбы';
/*!40101 SET character_set_client = @saved_cs_client */;

--
-- Dumping data for table `friendship`
--

LOCK TABLES `friendship` WRITE;
/*!40000 ALTER TABLE `friendship` DISABLE KEYS */;
INSERT INTO `friendship` VALUES (1,3,1,'2008-09-07 19:35:50','1991-06-27 10:34:54','2010-05-24 10:56:29','2021-03-16 14:45:23'),(2,40,2,'1986-04-05 13:19:39','2005-03-15 23:06:44','1978-06-15 21:18:48','2021-03-16 14:45:23'),(3,69,3,'1972-10-21 04:21:15','1973-02-25 04:05:43','2016-11-26 10:00:11','2021-03-16 14:45:23'),(4,48,1,'1988-05-27 20:25:19','2013-02-11 15:00:09','2010-02-16 21:30:21','2021-03-16 14:45:23'),(5,77,3,'1973-11-08 08:03:17','2013-11-14 07:02:50','2016-07-27 02:24:04','2021-03-16 14:45:23'),(6,29,3,'2005-06-12 21:45:34','2001-06-19 10:03:04','2000-04-19 05:10:33','2021-03-16 14:45:23'),(7,48,3,'1990-03-18 14:16:38','1970-05-21 16:14:03','2011-05-15 19:49:18','2021-03-16 14:45:23'),(8,53,2,'2015-01-12 06:09:23','1981-08-21 19:06:45','1986-03-30 23:04:56','2021-03-16 14:45:23'),(9,2,3,'1991-05-16 08:24:38','1998-07-21 11:05:59','1978-06-15 03:08:47','2021-03-16 14:45:23'),(10,29,1,'1999-09-24 21:31:56','2015-07-17 20:50:07','1978-10-03 00:01:36','2021-03-16 14:45:23'),(11,87,3,'1982-08-10 23:21:13','2018-12-04 03:59:59','1974-07-25 00:45:10','2021-03-16 14:45:23'),(12,17,2,'2016-07-02 02:29:30','2017-10-08 20:39:14','1981-01-25 11:33:40','2021-03-16 14:45:23'),(13,19,2,'2007-09-25 12:10:02','2016-11-28 19:57:48','2000-07-06 03:50:40','2021-03-16 14:45:23'),(14,92,1,'2002-08-01 08:58:14','1983-12-08 07:56:32','2014-04-02 18:54:56','2021-03-16 14:45:23'),(15,42,1,'1970-09-04 15:08:23','1995-03-23 17:15:02','2001-10-20 16:46:12','2021-03-16 14:45:23'),(16,44,3,'2016-03-11 23:08:16','2004-01-01 04:50:48','1995-10-29 01:02:41','2021-03-16 14:45:23'),(17,10,2,'2002-10-11 13:50:13','1995-06-13 19:59:58','2007-01-06 11:37:36','2021-03-16 14:45:23'),(18,65,3,'1976-06-06 03:19:07','1990-07-26 07:59:04','2017-10-22 08:58:08','2021-03-16 14:45:23'),(19,69,2,'1990-01-24 06:18:55','2004-07-24 08:16:39','2020-10-24 06:53:46','2021-03-16 14:45:23'),(20,93,3,'2011-07-26 05:57:16','2006-08-28 15:15:57','2002-08-07 09:02:03','2021-03-16 14:45:23'),(21,78,3,'1982-06-23 10:43:47','1978-06-04 19:11:24','2002-08-31 08:55:32','2021-03-16 14:45:23'),(22,56,3,'2018-02-02 21:28:21','1985-05-30 02:07:50','2017-01-24 05:27:10','2021-03-16 14:45:23'),(23,11,3,'1980-11-26 19:58:46','2017-07-19 14:52:15','2016-11-02 18:31:39','2021-03-16 14:45:23'),(24,20,1,'1988-06-09 22:23:59','1981-05-14 13:26:52','1986-07-02 02:46:48','2021-03-16 14:45:23'),(25,57,3,'1983-12-10 13:04:54','2010-01-14 17:30:47','1979-10-22 23:03:33','2021-03-16 14:45:23'),(26,93,3,'2004-04-25 16:14:20','1973-07-02 08:00:28','1990-03-11 01:50:16','2021-03-16 14:45:23'),(27,1,2,'2018-11-26 05:38:03','1999-09-22 07:30:44','1978-09-25 07:39:43','2021-03-16 14:45:23'),(28,39,3,'1993-05-14 22:18:17','1997-05-25 12:59:21','2000-08-28 06:57:18','2021-03-16 14:45:23'),(29,70,2,'2004-11-22 09:06:01','1996-07-22 18:31:50','2008-11-30 23:40:46','2021-03-16 14:45:23'),(30,9,1,'2020-09-04 21:26:42','2006-06-15 20:33:20','1975-09-02 11:30:24','2021-03-16 14:45:23'),(31,75,1,'1989-09-09 16:21:24','2002-07-09 03:20:15','2019-01-31 14:41:18','2021-03-16 14:45:23'),(32,93,2,'1988-03-14 22:38:06','2011-03-28 01:31:38','2010-08-28 01:12:01','2021-03-16 14:45:23'),(33,89,3,'2013-03-24 09:30:12','1979-11-14 09:03:37','1990-03-05 23:21:43','2021-03-16 14:45:23'),(34,79,2,'1974-01-14 18:51:54','2012-03-25 14:08:32','1974-01-27 15:51:19','2021-03-16 14:45:23'),(35,72,3,'2017-08-08 09:32:27','1970-04-14 12:08:33','1998-06-18 04:24:50','2021-03-16 14:45:23'),(36,52,2,'1985-10-31 18:50:10','2000-12-22 16:01:41','1987-05-10 07:44:13','2021-03-16 14:45:23'),(37,39,2,'1972-10-20 20:09:37','1990-11-29 09:39:05','1990-04-04 15:04:09','2021-03-16 14:45:23'),(38,54,3,'1988-05-10 22:30:07','2001-01-20 09:43:21','1972-01-03 04:30:27','2021-03-16 14:45:23'),(39,60,3,'2015-02-14 11:22:38','2012-07-15 06:14:29','1997-10-07 01:40:25','2021-03-16 14:45:23'),(40,2,1,'1985-12-01 23:51:44','2004-05-10 22:19:48','1998-02-20 23:57:33','2021-03-16 14:45:23'),(41,46,1,'1988-06-29 23:41:31','1985-07-27 23:05:35','1987-01-08 23:03:10','2021-03-16 14:45:23'),(42,72,1,'2012-09-19 04:11:53','1990-04-04 23:42:02','1983-03-15 06:46:14','2021-03-16 14:45:23'),(43,26,2,'2015-09-12 19:27:41','1982-11-16 00:04:03','2002-08-16 12:12:52','2021-03-16 14:45:23'),(44,36,1,'1971-01-30 01:34:47','1988-10-27 09:01:50','1983-09-15 14:27:24','2021-03-16 14:45:23'),(45,46,3,'1998-11-01 15:59:59','1977-03-24 13:39:12','1995-12-20 04:21:21','2021-03-16 14:45:23'),(46,14,3,'1977-09-19 21:25:53','2006-06-01 19:38:22','1970-04-15 17:44:44','2021-03-16 14:45:23'),(47,49,2,'2019-05-15 00:33:31','2013-12-11 12:06:07','1970-04-14 06:00:31','2021-03-16 14:45:23'),(48,9,2,'1989-02-24 01:10:07','1972-08-10 15:08:20','2017-05-04 22:32:29','2021-03-16 14:45:23'),(49,86,1,'1971-06-23 03:24:38','2014-09-20 16:02:51','1985-04-14 00:41:36','2021-03-16 14:45:23'),(50,77,1,'2001-11-17 20:52:50','2001-10-23 04:18:30','2009-07-09 05:16:39','2021-03-16 14:45:23'),(51,23,1,'2005-10-19 02:59:44','1998-12-25 15:53:40','2000-04-01 21:12:53','2021-03-16 14:45:23'),(52,43,1,'1974-03-12 14:42:44','2011-04-29 07:49:37','1979-03-19 22:10:46','2021-03-16 14:45:23'),(53,35,3,'1985-03-13 23:03:37','1987-03-31 21:10:56','2012-08-21 06:27:22','2021-03-16 14:45:23'),(54,33,1,'1980-06-16 14:57:34','1991-11-08 04:17:14','1993-04-19 06:17:30','2021-03-16 14:45:23'),(55,57,1,'2018-10-10 03:53:54','2000-01-15 10:34:13','2002-12-21 08:20:04','2021-03-16 14:45:23'),(56,62,2,'1973-01-02 13:48:27','1981-10-21 14:34:52','1970-04-04 15:30:28','2021-03-16 14:45:23'),(57,10,1,'2019-12-26 05:14:09','1990-03-07 21:56:48','2004-01-09 16:36:14','2021-03-16 14:45:23'),(58,5,3,'1986-03-28 21:09:33','2016-04-10 08:30:28','1980-06-28 02:30:24','2021-03-16 14:45:23'),(59,94,1,'1984-05-10 09:03:08','2007-11-10 05:42:36','2015-08-03 16:46:47','2021-03-16 14:45:23'),(60,86,3,'1998-07-17 06:15:25','2005-12-01 09:23:11','1979-12-01 08:38:52','2021-03-16 14:45:23'),(61,96,2,'2008-06-05 21:23:17','1982-09-26 12:18:42','1987-10-30 22:41:01','2021-03-16 14:45:23'),(62,83,3,'1971-12-13 14:26:05','1980-02-28 14:39:35','2002-09-12 20:18:28','2021-03-16 14:45:23'),(63,98,1,'1985-09-20 17:40:53','1992-05-12 13:58:04','1988-06-10 22:46:44','2021-03-16 14:45:23'),(64,29,2,'2015-02-26 14:15:13','1997-04-19 10:08:29','1978-04-17 12:24:09','2021-03-16 14:45:23'),(65,51,2,'1989-10-19 08:25:33','2008-07-04 15:25:41','2020-11-09 06:57:10','2021-03-16 14:45:23'),(66,63,2,'2000-09-03 03:35:42','2000-06-29 20:27:02','1985-04-12 15:37:16','2021-03-16 14:45:23'),(67,10,1,'2003-05-16 12:13:08','1994-10-22 02:49:46','1997-02-15 15:43:56','2021-03-16 14:45:23'),(68,89,1,'1973-08-27 23:27:55','2020-01-11 10:03:48','1981-09-22 02:36:03','2021-03-16 14:45:23'),(69,24,3,'2003-11-06 18:25:38','2018-05-17 19:10:14','2006-11-14 08:22:11','2021-03-16 14:45:23'),(70,44,2,'2010-06-24 22:21:32','1972-04-22 11:40:30','2014-03-13 01:34:13','2021-03-16 14:45:23'),(71,6,2,'1971-09-10 15:53:25','2005-08-13 16:37:50','1985-03-20 21:05:19','2021-03-16 14:45:23'),(72,33,2,'2016-07-14 20:50:17','1986-03-20 21:41:21','2005-05-04 07:00:55','2021-03-16 14:45:23'),(73,39,1,'2008-07-04 13:06:01','1976-07-20 18:31:20','2002-09-28 04:06:08','2021-03-16 14:45:23'),(74,23,1,'1970-04-10 18:35:05','1972-01-05 06:55:44','2020-02-01 13:34:54','2021-03-16 14:45:23'),(75,54,1,'1997-08-05 16:24:19','1989-04-28 15:43:39','1982-02-22 12:09:41','2021-03-16 14:45:23'),(76,8,2,'2007-07-06 00:27:07','1982-01-15 01:35:54','2007-11-14 11:55:21','2021-03-16 14:45:23'),(77,55,1,'2015-05-13 17:03:13','1977-06-13 07:31:25','1975-09-01 20:11:50','2021-03-16 14:45:23'),(78,18,2,'1972-02-27 05:31:56','1980-07-31 04:47:00','2005-06-12 10:59:43','2021-03-16 14:45:23'),(79,64,1,'1975-03-29 04:35:15','2001-10-30 15:45:08','2013-07-05 21:43:10','2021-03-16 14:45:23'),(80,93,1,'1976-07-09 23:41:55','1999-01-15 21:24:49','1975-11-28 08:42:10','2021-03-16 14:45:23'),(81,29,3,'2018-10-25 22:00:33','1995-07-16 02:50:34','1982-01-08 00:29:53','2021-03-16 14:45:23'),(82,69,1,'2017-07-04 05:21:04','1974-08-28 19:50:26','1981-11-05 20:01:53','2021-03-16 14:45:23'),(83,39,2,'1978-02-07 19:54:52','1999-10-20 05:27:32','2005-04-22 00:55:29','2021-03-16 14:45:23'),(84,46,1,'1977-02-22 07:30:59','1978-08-31 19:09:07','2020-02-02 10:16:22','2021-03-16 14:45:23'),(85,96,2,'1991-11-21 04:44:46','1972-05-10 19:04:46','1996-09-04 16:44:34','2021-03-16 14:45:23'),(86,3,1,'1997-07-30 12:50:04','1981-02-03 03:09:39','2000-05-28 13:13:25','2021-03-16 14:45:23'),(87,30,3,'2010-09-12 04:27:41','2018-04-17 04:54:02','2014-02-01 12:25:27','2021-03-16 14:45:23'),(88,15,1,'2008-12-22 09:50:49','1987-12-14 21:53:28','2013-05-26 03:14:18','2021-03-16 14:45:23'),(89,29,1,'1986-07-30 12:51:06','1998-02-19 19:33:22','1972-04-11 12:32:54','2021-03-16 14:45:23'),(90,26,2,'2006-10-05 10:15:01','2017-12-06 10:56:32','2017-06-27 15:46:13','2021-03-16 14:45:23'),(91,59,2,'1994-10-22 14:10:47','1989-06-07 08:26:58','1970-02-25 12:26:30','2021-03-16 14:45:23'),(92,66,1,'2012-05-09 08:45:42','2019-04-29 22:46:15','2006-08-26 03:10:34','2021-03-16 14:45:23'),(93,27,3,'2002-11-16 15:06:45','1994-10-28 11:59:18','2000-01-25 05:37:32','2021-03-16 14:45:23'),(94,81,1,'1977-01-14 15:16:51','1997-08-28 09:54:39','2001-11-12 04:06:31','2021-03-16 14:45:23'),(95,40,3,'1987-01-24 05:13:29','1993-06-18 00:57:30','2017-09-05 22:08:04','2021-03-16 14:45:23'),(96,44,3,'1993-01-27 07:42:34','2012-06-23 11:24:08','1975-09-04 19:38:55','2021-03-16 14:45:23'),(97,38,3,'1999-10-12 19:52:25','1983-11-26 05:19:07','2013-10-28 09:49:26','2021-03-16 14:45:23'),(98,91,3,'1992-04-04 12:25:07','2013-11-05 12:12:15','2012-11-02 04:52:44','2021-03-16 14:45:23'),(99,91,2,'1982-05-19 03:05:05','1973-06-22 09:32:44','2010-12-09 01:20:58','2021-03-16 14:45:23'),(100,32,3,'1989-04-15 03:37:58','2002-09-09 06:27:12','2004-05-27 18:43:34','2021-03-16 14:45:23');
/*!40000 ALTER TABLE `friendship` ENABLE KEYS */;
UNLOCK TABLES;

--
-- Table structure for table `friendship_statuses`
--

DROP TABLE IF EXISTS `friendship_statuses`;
/*!40101 SET @saved_cs_client     = @@character_set_client */;
/*!50503 SET character_set_client = utf8mb4 */;
CREATE TABLE `friendship_statuses` (
  `id` int unsigned NOT NULL AUTO_INCREMENT COMMENT 'Идентификатор строки',
  `name` varchar(150) CHARACTER SET utf8mb4 COLLATE utf8mb4_unicode_ci NOT NULL COMMENT 'Название статуса',
  `created_at` datetime DEFAULT CURRENT_TIMESTAMP COMMENT 'Время создания строки',
  `updated_at` datetime DEFAULT CURRENT_TIMESTAMP ON UPDATE CURRENT_TIMESTAMP COMMENT 'Время обновления строки',
  PRIMARY KEY (`id`),
  UNIQUE KEY `name` (`name`)
) ENGINE=InnoDB AUTO_INCREMENT=4 DEFAULT CHARSET=utf8mb4 COLLATE=utf8mb4_unicode_ci COMMENT='Статусы дружбы';
/*!40101 SET character_set_client = @saved_cs_client */;

--
-- Dumping data for table `friendship_statuses`
--

LOCK TABLES `friendship_statuses` WRITE;
/*!40000 ALTER TABLE `friendship_statuses` DISABLE KEYS */;
INSERT INTO `friendship_statuses` VALUES (1,'Requested','2021-03-16 14:45:22','2021-03-16 14:45:22'),(2,'Approved','2021-03-16 14:45:22','2021-03-16 14:45:22'),(3,'Declined','2021-03-16 14:45:22','2021-03-16 14:45:22');
/*!40000 ALTER TABLE `friendship_statuses` ENABLE KEYS */;
UNLOCK TABLES;

--
-- Table structure for table `gender`
--

DROP TABLE IF EXISTS `gender`;
/*!40101 SET @saved_cs_client     = @@character_set_client */;
/*!50503 SET character_set_client = utf8mb4 */;
CREATE TABLE `gender` (
  `id` int unsigned NOT NULL AUTO_INCREMENT COMMENT 'Идентификатор строки',
  `gender` varchar(25) DEFAULT NULL COMMENT 'Название пола',
  `gender_info` varchar(150) DEFAULT NULL COMMENT 'Информация о поле',
  `created_at` datetime DEFAULT CURRENT_TIMESTAMP COMMENT 'Время создания строки',
  `updated_at` datetime DEFAULT CURRENT_TIMESTAMP ON UPDATE CURRENT_TIMESTAMP COMMENT 'Время обновления строки',
  PRIMARY KEY (`id`)
) ENGINE=InnoDB AUTO_INCREMENT=3 DEFAULT CHARSET=utf8 COMMENT='Варианты полов';
/*!40101 SET character_set_client = @saved_cs_client */;

--
-- Dumping data for table `gender`
--

LOCK TABLES `gender` WRITE;
/*!40000 ALTER TABLE `gender` DISABLE KEYS */;
INSERT INTO `gender` VALUES (1,'M','Male','2021-03-16 14:45:21','2021-03-16 14:45:21'),(2,'F','Female','2021-03-16 14:45:21','2021-03-16 14:45:21');
/*!40000 ALTER TABLE `gender` ENABLE KEYS */;
UNLOCK TABLES;

--
-- Table structure for table `media`
--

DROP TABLE IF EXISTS `media`;
/*!40101 SET @saved_cs_client     = @@character_set_client */;
/*!50503 SET character_set_client = utf8mb4 */;
CREATE TABLE `media` (
  `id` int unsigned NOT NULL AUTO_INCREMENT COMMENT 'Идентификатор строки',
  `user_id` int unsigned NOT NULL COMMENT 'Ссылка на пользователя, который загрузил файл',
  `filename` varchar(255) CHARACTER SET utf8mb4 COLLATE utf8mb4_unicode_ci NOT NULL COMMENT 'Путь к файлу',
  `size` int NOT NULL COMMENT 'Размер файла',
  `metadata` longtext CHARACTER SET utf8mb4 COLLATE utf8mb4_bin COMMENT 'Метаданные файла',
  `media_type_id` int unsigned NOT NULL COMMENT 'Ссылка на тип контента',
  `created_at` datetime DEFAULT CURRENT_TIMESTAMP COMMENT 'Время создания строки',
  `updated_at` datetime DEFAULT CURRENT_TIMESTAMP ON UPDATE CURRENT_TIMESTAMP COMMENT 'Время обновления строки',
  PRIMARY KEY (`id`),
  CONSTRAINT `media_chk_1` CHECK (json_valid(`metadata`))
) ENGINE=InnoDB AUTO_INCREMENT=101 DEFAULT CHARSET=utf8mb4 COLLATE=utf8mb4_unicode_ci COMMENT='Медиафайлы';
/*!40101 SET character_set_client = @saved_cs_client */;

--
-- Dumping data for table `media`
--

LOCK TABLES `media` WRITE;
/*!40000 ALTER TABLE `media` DISABLE KEYS */;
INSERT INTO `media` VALUES (1,1,'aut',779123751,NULL,2,'1984-12-08 17:15:08','2021-03-16 14:45:23'),(2,2,'et',0,NULL,3,'2011-06-08 12:40:18','2021-03-16 14:45:23'),(3,3,'itaque',380,NULL,2,'1993-01-23 07:48:52','2021-03-16 14:45:23'),(4,4,'atque',311,NULL,2,'1981-06-02 22:26:43','2021-03-16 14:45:23'),(5,5,'recusandae',0,NULL,2,'2000-10-17 07:45:51','2021-03-16 14:45:23'),(6,6,'repellat',346,NULL,2,'1995-04-08 22:51:25','2021-03-16 14:45:23'),(7,7,'beatae',60987,NULL,3,'1970-09-01 00:11:06','2021-03-16 14:45:23'),(8,8,'et',85,NULL,3,'1984-06-23 06:20:46','1978-12-04 08:28:46'),(9,9,'qui',8,NULL,2,'2017-12-12 07:51:30','2021-03-16 14:45:23'),(10,10,'occaecati',3895,NULL,3,'2018-04-30 19:27:47','2021-03-16 14:45:23'),(11,11,'dolores',166,NULL,1,'1990-02-19 12:52:40','2020-11-20 09:20:42'),(12,12,'quod',5463,NULL,3,'1985-10-21 08:34:48','2021-03-16 14:45:23'),(13,13,'illo',9275546,NULL,1,'1983-03-15 18:32:49','2021-03-16 14:45:23'),(14,14,'quod',9464,NULL,1,'1985-12-08 04:01:20','2021-03-16 14:45:23'),(15,15,'occaecati',9089,NULL,2,'2014-06-12 20:04:52','2021-03-16 14:45:23'),(16,16,'et',2,NULL,3,'1981-01-14 13:39:15','2021-03-16 14:45:23'),(17,17,'est',0,NULL,3,'1973-09-05 20:28:58','2021-03-16 14:45:23'),(18,18,'harum',108263,NULL,3,'2005-06-20 00:41:13','2012-04-02 05:29:38'),(19,19,'fugit',9567,NULL,1,'1975-03-17 03:18:55','2021-03-16 14:45:23'),(20,20,'est',9,NULL,2,'1978-10-02 20:35:58','2021-03-16 14:45:23'),(21,21,'sed',9,NULL,3,'2004-11-28 21:56:28','2021-03-16 14:45:23'),(22,22,'non',110527785,NULL,2,'2019-09-04 03:03:46','2008-10-02 23:43:06'),(23,23,'accusantium',197698019,NULL,2,'2011-11-06 12:32:57','2021-03-16 14:45:23'),(24,24,'provident',3329,NULL,2,'2016-08-06 22:29:39','2021-03-16 14:45:23'),(25,25,'voluptatem',7,NULL,3,'2000-03-17 09:02:49','2021-03-16 14:45:23'),(26,26,'consequatur',3613838,NULL,2,'2013-07-22 04:51:33','2021-03-16 14:45:23'),(27,27,'sint',34134,NULL,2,'2004-07-15 23:40:01','1977-06-27 04:24:44'),(28,28,'facere',6096946,NULL,2,'1998-03-10 08:13:58','2021-03-16 14:45:23'),(29,29,'ut',167799778,NULL,1,'2001-02-06 19:36:32','2021-03-16 14:45:23'),(30,30,'qui',0,NULL,1,'1973-02-21 05:11:50','2021-03-16 14:45:23'),(31,31,'cupiditate',7,NULL,2,'2013-11-14 02:03:22','2021-03-16 14:45:23'),(32,32,'tempore',1,NULL,3,'2019-08-06 11:08:39','2021-03-16 14:45:23'),(33,33,'dolores',925229,NULL,3,'1981-03-22 03:50:05','1994-07-01 07:54:40'),(34,34,'ad',782316965,NULL,3,'1977-01-24 20:35:58','2021-03-16 14:45:23'),(35,35,'totam',0,NULL,3,'1996-06-24 21:10:07','2021-03-16 14:45:23'),(36,36,'nobis',1213,NULL,2,'1977-04-09 14:54:03','2021-03-16 14:45:23'),(37,37,'facere',255630,NULL,1,'1991-01-14 05:36:19','2021-03-16 14:45:23'),(38,38,'earum',0,NULL,1,'1990-03-14 11:58:05','2021-03-16 14:45:23'),(39,39,'sapiente',8280,NULL,1,'1995-12-05 02:10:06','2021-03-16 14:45:23'),(40,40,'est',16597644,NULL,1,'2000-11-22 00:40:15','2021-03-16 14:45:23'),(41,41,'adipisci',0,NULL,1,'1978-11-30 17:08:55','2013-08-23 18:38:55'),(42,42,'aliquid',226,NULL,2,'2002-01-12 11:32:11','1975-12-08 09:39:08'),(43,43,'qui',4976374,NULL,1,'1984-06-19 10:02:13','2021-03-16 14:45:23'),(44,44,'similique',1893851,NULL,1,'1990-02-09 04:29:52','2021-03-16 14:45:23'),(45,45,'est',589508,NULL,2,'2008-02-28 16:24:27','2021-03-16 14:45:23'),(46,46,'in',583899,NULL,2,'1983-09-23 20:55:49','2021-03-16 14:45:23'),(47,47,'reprehenderit',523,NULL,3,'1993-04-19 14:18:33','2021-03-16 14:45:23'),(48,48,'enim',76804533,NULL,1,'1971-03-19 21:34:09','2021-03-16 14:45:23'),(49,49,'suscipit',9669311,NULL,3,'2005-11-08 16:26:07','2021-03-16 14:45:23'),(50,50,'aperiam',0,NULL,1,'1974-01-24 13:04:18','2021-03-16 14:45:23'),(51,51,'velit',0,NULL,3,'2017-09-21 01:00:02','2021-03-16 14:45:23'),(52,52,'nobis',722,NULL,1,'1978-06-10 18:47:10','2021-03-16 14:45:23'),(53,53,'qui',9080,NULL,3,'1972-10-11 21:52:18','1999-06-03 18:33:00'),(54,54,'ut',679826599,NULL,1,'2001-07-03 05:47:43','2021-03-16 14:45:23'),(55,55,'quasi',4043,NULL,3,'1970-12-16 03:38:48','2021-03-16 14:45:23'),(56,56,'nihil',771948541,NULL,1,'2016-08-21 01:29:44','2007-07-04 02:32:48'),(57,57,'et',170049,NULL,1,'2001-02-25 20:42:53','2021-03-16 14:45:23'),(58,58,'aliquid',141364443,NULL,2,'2012-01-29 15:46:46','2021-03-16 14:45:23'),(59,59,'cumque',91,NULL,2,'1985-07-05 21:47:04','2021-03-16 14:45:23'),(60,60,'dolorem',2337468,NULL,2,'1998-02-07 04:45:44','2021-03-16 14:45:23'),(61,61,'nihil',169,NULL,3,'1977-02-16 13:30:28','2021-03-16 14:45:23'),(62,62,'eos',378,NULL,3,'1974-07-21 00:22:41','2021-03-16 14:45:23'),(63,63,'sit',847657364,NULL,3,'2016-01-20 10:44:01','2006-05-29 23:07:54'),(64,64,'est',6277086,NULL,3,'2002-02-15 08:28:30','2021-03-16 14:45:23'),(65,65,'aut',130091157,NULL,2,'1992-08-08 23:22:03','2021-03-16 14:45:23'),(66,66,'fugit',3984,NULL,2,'2011-06-02 20:46:30','2021-03-16 14:45:23'),(67,67,'atque',0,NULL,2,'2018-08-31 22:01:10','2019-11-07 07:44:16'),(68,68,'blanditiis',93099,NULL,1,'2004-02-29 15:27:57','2021-03-16 14:45:23'),(69,69,'quidem',415011833,NULL,1,'1973-08-20 11:00:14','2021-03-16 14:45:23'),(70,70,'quos',0,NULL,1,'1994-05-01 20:33:06','2021-03-16 14:45:23'),(71,71,'reiciendis',95,NULL,1,'1985-04-11 19:07:24','1979-08-11 19:57:56'),(72,72,'debitis',911028,NULL,3,'1990-04-05 01:58:01','2021-03-16 14:45:23'),(73,73,'aliquid',432120,NULL,3,'1975-06-05 04:30:56','1997-05-28 20:33:52'),(74,74,'magnam',727267930,NULL,2,'2013-08-25 19:46:46','2021-03-16 14:45:23'),(75,75,'reiciendis',40,NULL,2,'1988-07-10 13:26:22','2021-03-16 14:45:23'),(76,76,'fugiat',53214,NULL,2,'2019-12-31 21:33:59','2021-03-16 14:45:23'),(77,77,'occaecati',639,NULL,2,'2004-03-15 04:48:46','1999-02-12 04:38:13'),(78,78,'quia',223822603,NULL,1,'2020-12-21 18:05:32','2021-03-16 14:45:23'),(79,79,'rem',320952,NULL,2,'2017-09-29 20:07:07','2021-03-16 14:45:23'),(80,80,'ut',7927,NULL,2,'1997-07-29 16:28:14','2021-03-16 14:45:23'),(81,81,'soluta',142938983,NULL,2,'1975-03-30 17:33:45','2021-03-16 14:45:23'),(82,82,'sunt',0,NULL,3,'1980-04-03 06:31:30','2021-03-16 14:45:23'),(83,83,'qui',85678,NULL,2,'1988-08-30 21:37:51','2021-03-16 14:45:23'),(84,84,'sed',5257263,NULL,2,'2001-03-24 14:33:32','2021-03-16 14:45:23'),(85,85,'consequatur',817,NULL,1,'2009-08-15 21:46:30','2021-03-16 14:45:23'),(86,86,'dolore',3,NULL,2,'1976-09-22 16:17:43','2021-03-16 14:45:23'),(87,87,'ea',7,NULL,1,'1997-12-03 07:05:59','2021-03-16 14:45:23'),(88,88,'omnis',337,NULL,3,'1994-12-04 22:03:10','1972-01-08 11:58:44'),(89,89,'accusamus',12115217,NULL,1,'2006-05-07 17:54:36','2021-03-16 14:45:23'),(90,90,'asperiores',2,NULL,2,'1985-06-02 05:02:51','2021-03-16 14:45:23'),(91,91,'nihil',77133,NULL,3,'1982-08-10 01:14:02','2021-03-16 14:45:23'),(92,92,'ullam',331,NULL,1,'1996-11-16 00:48:24','2021-03-16 14:45:23'),(93,93,'fugit',99592,NULL,2,'1988-03-22 19:09:48','2021-03-16 14:45:23'),(94,94,'perspiciatis',2075547,NULL,1,'2005-03-27 23:54:07','2021-03-16 14:45:23'),(95,95,'qui',35573666,NULL,3,'1987-10-08 05:50:06','2021-03-16 14:45:23'),(96,96,'repellat',76,NULL,2,'1975-12-21 03:45:07','2021-03-16 14:45:23'),(97,97,'ducimus',810872092,NULL,3,'2012-08-25 14:38:42','2021-03-16 14:45:23'),(98,98,'quasi',1018,NULL,1,'2004-05-26 20:07:43','2021-03-16 14:45:23'),(99,99,'eum',85943,NULL,2,'1994-06-17 00:20:34','2021-03-16 14:45:23'),(100,100,'praesentium',761143140,NULL,3,'1987-08-28 00:42:25','2021-03-16 14:45:23');
/*!40000 ALTER TABLE `media` ENABLE KEYS */;
UNLOCK TABLES;

--
-- Table structure for table `media_types`
--

DROP TABLE IF EXISTS `media_types`;
/*!40101 SET @saved_cs_client     = @@character_set_client */;
/*!50503 SET character_set_client = utf8mb4 */;
CREATE TABLE `media_types` (
  `id` int unsigned NOT NULL AUTO_INCREMENT COMMENT 'Идентификатор строки',
  `name` varchar(255) CHARACTER SET utf8mb4 COLLATE utf8mb4_unicode_ci NOT NULL COMMENT 'Название типа',
  `created_at` datetime DEFAULT CURRENT_TIMESTAMP COMMENT 'Время создания строки',
  `updated_at` datetime DEFAULT CURRENT_TIMESTAMP ON UPDATE CURRENT_TIMESTAMP COMMENT 'Время обновления строки',
  PRIMARY KEY (`id`),
  UNIQUE KEY `name` (`name`)
) ENGINE=InnoDB AUTO_INCREMENT=4 DEFAULT CHARSET=utf8mb4 COLLATE=utf8mb4_unicode_ci COMMENT='Типы медиафайлов';
/*!40101 SET character_set_client = @saved_cs_client */;

--
-- Dumping data for table `media_types`
--

LOCK TABLES `media_types` WRITE;
/*!40000 ALTER TABLE `media_types` DISABLE KEYS */;
INSERT INTO `media_types` VALUES (1,'Image','2021-03-16 14:45:22','2021-03-16 14:45:22'),(2,'Video','2021-03-16 14:45:22','2021-03-16 14:45:22'),(3,'Audio','2021-03-16 14:45:22','2021-03-16 14:45:22');
/*!40000 ALTER TABLE `media_types` ENABLE KEYS */;
UNLOCK TABLES;

--
-- Table structure for table `messages`
--

DROP TABLE IF EXISTS `messages`;
/*!40101 SET @saved_cs_client     = @@character_set_client */;
/*!50503 SET character_set_client = utf8mb4 */;
CREATE TABLE `messages` (
  `id` int unsigned NOT NULL AUTO_INCREMENT COMMENT 'Идентификатор строки',
  `from_user_id` int unsigned NOT NULL COMMENT 'Ссылка на отправителя сообщения',
  `to_user_id` int unsigned NOT NULL COMMENT 'Ссылка на получателя сообщения',
  `body` text CHARACTER SET utf8mb4 COLLATE utf8mb4_unicode_ci NOT NULL COMMENT 'Текст сообщения',
  `is_important` tinyint(1) DEFAULT NULL COMMENT 'Признак важности',
  `is_delivered` tinyint(1) DEFAULT NULL COMMENT 'Признак доставки',
  `is_read` tinyint(1) DEFAULT NULL COMMENT 'Признак прочтения',
  `created_at` datetime DEFAULT CURRENT_TIMESTAMP COMMENT 'Время создания строки',
  `updated_at` datetime DEFAULT CURRENT_TIMESTAMP ON UPDATE CURRENT_TIMESTAMP COMMENT 'Время обновления строки',
  PRIMARY KEY (`id`)
) ENGINE=InnoDB AUTO_INCREMENT=1001 DEFAULT CHARSET=utf8mb4 COLLATE=utf8mb4_unicode_ci COMMENT='Сообщения';
/*!40101 SET character_set_client = @saved_cs_client */;

--
-- Dumping data for table `messages`
--

LOCK TABLES `messages` WRITE;
/*!40000 ALTER TABLE `messages` DISABLE KEYS */;
INSERT INTO `messages` VALUES (1,1,29,'Qui qui blanditiis esse impedit. Dolores dolorem vitae fugiat doloribus accusamus. Sint qui odio et cupiditate aliquam quo.',1,0,NULL,'1985-04-17 09:46:17','2021-03-16 14:45:23'),(2,2,58,'Fugit dolor et nihil ut animi maiores. Modi explicabo eos pariatur quis voluptatum. Sed incidunt ipsam atque et voluptatibus in sed.',0,1,0,'1975-02-26 15:24:41','2021-03-16 14:45:23'),(3,3,48,'Modi consequatur explicabo facere ipsum omnis pariatur. Veritatis unde corporis similique numquam iusto earum et. Qui praesentium totam libero sunt nemo aliquam eum. Et est eum debitis vero quia voluptates excepturi.',1,0,NULL,'2001-04-25 23:59:49','2021-03-16 14:45:23'),(4,4,71,'Tenetur quia magnam iusto aperiam beatae consequatur aliquid error. Temporibus aut fuga praesentium quo voluptates excepturi voluptas. Aperiam occaecati eos nulla optio eum.',0,1,1,'1998-01-29 12:13:32','2021-03-16 14:45:23'),(5,5,30,'Perspiciatis illo voluptates voluptatem veniam. Quaerat et error quia veniam. Incidunt minus et et et ipsam. In qui quia voluptatum rerum numquam.',1,0,NULL,'2014-05-28 05:31:29','2021-03-16 14:45:23'),(6,6,55,'Velit temporibus nam autem ut in voluptatem et. Quas ut impedit blanditiis aut alias. Illo harum aliquid autem amet.',0,0,NULL,'2012-08-13 08:43:09','2021-03-16 14:45:23'),(7,7,27,'Voluptatem provident molestiae amet quia eveniet enim. Sint nesciunt modi in voluptate amet omnis. Aut consequatur illo harum. Consequuntur veritatis quam ut sed est excepturi accusamus.',0,0,NULL,'2003-04-03 09:19:45','2021-03-16 14:45:23'),(8,8,90,'Mollitia a facilis atque nobis eum. Rerum quis et magnam modi blanditiis dicta. Ut aut odit commodi quas. Eveniet non dicta aliquam ut. In totam temporibus ut iste.',0,1,1,'1997-07-02 00:52:46','2021-03-16 14:45:23'),(9,9,54,'Omnis modi minima voluptas natus. Numquam praesentium voluptatem quos molestias iure aliquid et.',1,0,NULL,'1977-04-25 01:04:19','2021-03-16 14:45:23'),(10,10,53,'Maiores consequatur maiores quas hic non exercitationem voluptatum. Laborum sint est vel consequuntur. Commodi officiis illo excepturi velit provident ducimus enim.',0,0,NULL,'1990-02-12 13:18:40','2021-03-16 14:45:23'),(11,11,91,'Dolores numquam ab incidunt commodi laudantium dolor est. Labore repudiandae porro est quia voluptatem. Natus in maxime eaque temporibus nobis dolorum eum. Accusantium mollitia perferendis qui aut et.',1,1,1,'2001-03-13 20:20:23','2021-03-16 14:45:23'),(12,12,92,'Quisquam quasi nam corporis. Enim dolorem ut quisquam voluptate quas dolores. Voluptatem rerum possimus deserunt omnis quas velit. Exercitationem perferendis accusantium architecto dolorem voluptatibus et.',0,1,1,'1990-12-04 00:40:41','2021-03-16 14:45:23'),(13,13,83,'Consequatur ut et doloremque sequi qui in dolorum. Iusto in quisquam consequatur voluptatem. Quaerat repellendus et dolorum totam quidem mollitia odit sed.',0,1,0,'2009-01-16 06:03:25','2021-03-16 14:45:23'),(14,14,43,'Ea sed voluptas fugit excepturi harum unde animi. Voluptatum eligendi quaerat voluptates facilis fugiat occaecati. Qui quod aut omnis asperiores aut iure labore beatae.',0,1,0,'2000-11-11 22:18:03','2021-03-16 14:45:23'),(15,15,94,'Animi iusto illum molestiae nisi ea ut quae et. Cumque et ex et corrupti. Et animi quas et quo enim. Rerum ducimus quia quia doloremque tempora cum.',1,0,NULL,'1992-07-19 09:39:42','2021-03-16 14:45:23'),(16,16,20,'Cumque similique ea quis. Dolores amet deleniti dolor assumenda et. Sint est voluptas deserunt quibusdam dolore.',0,0,NULL,'1995-08-10 19:24:49','2021-03-16 14:45:23'),(17,17,84,'Molestias non nihil ullam ullam illo distinctio eos veritatis. Eligendi consectetur omnis quod consequatur sequi ipsam. Aut qui quos distinctio quia.',0,1,0,'1986-07-20 21:58:13','2021-03-16 14:45:23'),(18,18,64,'Sunt quis rerum quo aut illum ex dolorum. Velit sit commodi quas error accusamus voluptatem. Voluptatem non tempore similique deleniti voluptates.',0,0,NULL,'2020-06-27 12:28:35','2021-03-16 14:45:23'),(19,19,78,'At unde consectetur atque sunt ut. Sit dolor harum incidunt. Consequatur quidem placeat veritatis impedit aut. Nulla possimus impedit in commodi alias ad.',0,1,1,'2001-03-01 15:05:51','2021-03-16 14:45:23'),(20,20,17,'Amet ut illo est ut necessitatibus at. Esse omnis ex iste. Adipisci velit autem aut et. Nesciunt totam explicabo consequatur qui repudiandae. Expedita et corporis molestiae in quis hic quo.',1,0,NULL,'1974-07-14 08:50:15','2021-03-16 14:45:23'),(21,21,13,'Unde consequatur totam debitis doloremque est non aspernatur. Voluptatem ducimus non laborum. Ipsa voluptatibus aspernatur nam. Sit laboriosam eius labore unde et neque minima unde.',1,1,0,'2000-12-23 10:43:13','2021-03-16 14:45:23'),(22,22,24,'Sint mollitia qui similique eos tenetur. Beatae assumenda voluptatem ex quo blanditiis repudiandae. Amet sunt quae ut neque voluptas mollitia esse eum. Vel consequatur ab ut eos incidunt.',0,0,NULL,'1977-01-16 19:24:12','2021-03-16 14:45:23'),(23,23,65,'Sint quas aliquid est error quasi occaecati. Vel tempore totam ipsum quas cumque expedita ea. Reiciendis porro rerum dicta consectetur optio. Fuga quo officiis modi vero.',1,1,0,'1991-10-29 07:19:01','2021-03-16 14:45:23'),(24,24,5,'Est porro placeat dolor corporis excepturi reprehenderit voluptas sed. Accusantium dolor aliquam rerum voluptas repellendus voluptatem illum. Et provident ipsam occaecati non. Non necessitatibus aut hic autem qui.',1,1,1,'1978-07-24 08:56:32','2021-03-16 14:45:23'),(25,25,49,'Incidunt exercitationem fugiat illo at. Nemo et est at ea pariatur ut placeat. Qui sit minima rerum in. Ab voluptas consequatur inventore provident excepturi fuga.',0,0,NULL,'1972-05-04 12:24:11','2021-03-16 14:45:23'),(26,26,93,'Quis et rerum delectus ex qui earum eum explicabo. Possimus dolor dolore quia magni. Occaecati ex animi perspiciatis qui possimus atque.',1,0,NULL,'2014-04-18 03:20:34','2021-03-16 14:45:23'),(27,27,47,'Voluptatum ea magnam consequuntur debitis quia. Sit sed quidem dignissimos. Sed voluptas possimus assumenda non. Officiis eaque qui error sapiente pariatur illo neque. Et occaecati facilis in id enim nobis.',1,0,NULL,'1979-01-13 01:21:27','2021-03-16 14:45:23'),(28,28,55,'Consequatur earum omnis mollitia et vero hic perferendis. Non alias voluptatum beatae nihil consequatur et.',0,1,1,'1995-12-04 21:14:50','2021-03-16 14:45:23'),(29,29,45,'Quisquam repudiandae ut quis eius expedita. Harum iure recusandae deleniti harum. Possimus et temporibus sed id et est. Voluptate non quibusdam voluptatem officiis occaecati.',1,1,1,'1989-03-24 06:20:09','2021-03-16 14:45:23'),(30,30,12,'Rerum voluptates repudiandae aut quam. Soluta voluptatum enim non quasi dolores quia animi non. Vero sint provident sit molestias ut quia eius libero.',0,1,1,'2003-01-08 19:23:42','2021-03-16 14:45:23'),(31,31,4,'Nesciunt quibusdam ab sed esse alias sapiente. Delectus eos aut dolor commodi et minus qui amet. Dignissimos est asperiores ullam temporibus voluptatem nihil. Possimus eius veniam non ut ea ut ea. Libero at sit reprehenderit quaerat totam itaque autem aliquam.',0,0,NULL,'1999-05-14 08:18:11','2021-03-16 14:45:23'),(32,32,81,'Sed nulla velit omnis repudiandae. Amet animi recusandae doloribus praesentium veniam voluptas. Iure incidunt illo in eos ipsum earum aliquid. Aliquid facilis accusantium nam quia sed eos dolorum voluptatem.',1,0,NULL,'1980-12-13 15:25:38','2021-03-16 14:45:23'),(33,33,71,'Et temporibus magni praesentium autem optio. Omnis ullam ipsa quas velit. Nam quia dolores tempora itaque. Sed soluta et reprehenderit consequatur soluta quo.',0,1,0,'1973-12-10 21:51:35','2021-03-16 14:45:23'),(34,34,7,'Ut asperiores amet praesentium accusamus ea dolorem. Ratione soluta provident repellendus quam dolor veritatis maiores. Aut repellendus omnis id distinctio illo repellendus aliquam dolores. Et voluptas aut aut qui recusandae.',0,0,NULL,'2019-01-31 11:08:22','2021-03-16 14:45:23'),(35,35,63,'Inventore et aliquam ut delectus. Est rerum laudantium aut qui vel provident totam. Repudiandae et optio ut hic excepturi consequatur voluptas. Doloremque ut consectetur dolorum consequatur eius.',1,1,1,'1989-04-05 02:36:34','2021-03-16 14:45:23'),(36,36,25,'Id incidunt saepe impedit necessitatibus. Facere blanditiis aut tempora libero. Omnis quidem voluptas eaque necessitatibus quia. Aliquam doloremque et dolores magni quo.',1,0,NULL,'1983-07-31 15:03:36','2021-03-16 14:45:23'),(37,37,61,'Molestiae rem veritatis perferendis est ut cumque dicta. Inventore facilis quisquam et distinctio qui vero voluptates. Tenetur quod facilis velit iure provident.',1,0,NULL,'1994-02-01 09:49:33','2021-03-16 14:45:23'),(38,38,100,'Ullam quidem rerum sit aut quasi iure voluptatem vel. Vel laborum minima voluptates molestiae ipsam. Ullam rem voluptates neque est voluptatibus quaerat delectus ut. Accusamus odit aut mollitia earum saepe eius. Aut reiciendis unde et praesentium suscipit reprehenderit eveniet.',1,1,0,'1999-04-29 16:24:35','2021-03-16 14:45:23'),(39,39,84,'Ullam laborum omnis id qui. Natus iure dignissimos ducimus quo. Debitis maiores aut suscipit et qui non. Molestias corrupti suscipit voluptatem error sint.',0,0,NULL,'2018-10-08 21:06:30','2021-03-16 14:45:23'),(40,40,29,'Voluptatum earum accusamus quae quam sapiente laudantium enim. Unde nesciunt enim dolorem mollitia. Tenetur enim voluptatem dolorum modi repellendus necessitatibus. Et eos sint possimus voluptatum autem et non. Mollitia magnam facilis laboriosam libero.',1,1,0,'2000-03-20 05:10:29','2021-03-16 14:45:23'),(41,41,70,'Ipsum qui maiores quam vel architecto. Asperiores sunt suscipit doloremque inventore ut mollitia.',0,1,1,'2015-12-30 03:06:36','2021-03-16 14:45:23'),(42,42,22,'Eveniet quia harum aut. Tempora sint laudantium aliquid aperiam expedita itaque voluptatum. Officiis id et doloremque incidunt.',1,0,NULL,'1983-06-26 08:25:12','2021-03-16 14:45:23'),(43,43,22,'Fugit dignissimos rem quia ducimus. Similique quia dolor natus quisquam. Laudantium rem architecto occaecati eius labore voluptate. Et alias quia non ea.',1,0,NULL,'1985-12-01 16:18:18','2021-03-16 14:45:23'),(44,44,70,'Asperiores velit dicta perspiciatis quaerat voluptatem excepturi totam labore. Et et suscipit tenetur dolore suscipit eum qui aliquid. Tempore aut itaque eaque blanditiis qui.',1,0,NULL,'1970-12-26 04:36:42','2021-03-16 14:45:23'),(45,45,10,'Libero reprehenderit aliquam animi cupiditate in iusto aliquam. Qui laboriosam ut magnam et. Dolor non vitae recusandae numquam fugit.',0,0,NULL,'2012-07-05 12:34:51','2021-03-16 14:45:23'),(46,46,56,'Aut voluptates sit eum delectus voluptas. Iure iste consectetur vel quisquam. Dolores earum id quia laudantium ut.',0,0,NULL,'1996-03-29 16:16:58','2021-03-16 14:45:23'),(47,47,31,'Quam quis aliquam ipsa fugit saepe debitis rerum explicabo. Dolores accusamus omnis omnis dicta itaque fugiat. Beatae ducimus dolorem aut. Rerum ea dolorem aut harum error occaecati. Id vel est consequatur rerum amet quae tenetur.',1,1,0,'1976-05-22 12:46:45','2021-03-16 14:45:23'),(48,48,29,'Similique atque quod consequatur illo praesentium vel blanditiis nesciunt. Qui iusto error eaque qui officiis. Commodi perferendis aut consequuntur dolorum. Illum voluptate laboriosam alias ratione.',0,1,0,'1998-07-02 12:49:54','2021-03-16 14:45:23'),(49,49,10,'Nihil voluptatem rerum nihil et nihil nisi. Qui ad iusto debitis beatae doloremque. Ad consequatur eos et. Reiciendis vitae rem nesciunt architecto.',0,0,NULL,'2000-10-29 12:36:58','2021-03-16 14:45:23'),(50,50,75,'Tempore modi debitis nihil nobis quasi quis. Impedit reiciendis molestiae error velit consequatur sed doloremque. Possimus non accusantium sint est.',0,1,0,'1987-02-26 03:36:30','2021-03-16 14:45:23'),(51,51,8,'Recusandae amet rerum hic aut earum neque error. Molestias ratione sint veniam suscipit voluptatem. Consequatur et soluta dolor quod. Aliquam minima velit velit nostrum.',1,1,1,'2005-06-29 19:11:08','2021-03-16 14:45:23'),(52,52,66,'Ipsa ut veritatis eos veniam. Qui suscipit facere quo magni qui laudantium. Corrupti id voluptatum omnis beatae delectus.',0,0,NULL,'1984-07-06 19:41:00','2021-03-16 14:45:23'),(53,53,14,'Culpa quasi mollitia quia eveniet voluptatibus dolorum. Dolorem sunt provident sapiente earum veniam sed expedita. A voluptatem optio iusto ea repellendus id voluptatibus.',0,0,NULL,'2009-11-10 16:38:04','2021-03-16 14:45:23'),(54,54,86,'Sit quibusdam corporis magni at qui beatae corrupti id. Velit iste laboriosam laboriosam vitae quae illo aliquam nam. Quaerat rerum qui quia quia ipsa. Dolores exercitationem occaecati dolorem doloremque corrupti est aspernatur. Nostrum eos magnam sed dolore.',0,0,NULL,'1990-04-05 06:01:45','2021-03-16 14:45:23'),(55,55,93,'Quasi asperiores quia sunt aperiam amet quod eos. Voluptates exercitationem iste itaque saepe nihil. Sunt ullam a beatae. Quis vel laboriosam tenetur sed odio.',1,1,1,'2000-08-03 23:52:06','2021-03-16 14:45:23'),(56,56,4,'Iusto voluptas modi reiciendis. Amet voluptates aut est nesciunt officiis incidunt. Earum rem maiores vel error nihil.',0,0,NULL,'2010-10-31 07:24:56','2021-03-16 14:45:23'),(57,57,27,'Excepturi voluptas sit velit aut ab voluptas. Ut eaque veritatis voluptates inventore harum earum et. Qui aliquam tempore inventore atque.',0,1,1,'1998-04-28 22:59:45','2021-03-16 14:45:23'),(58,58,77,'Aut doloribus delectus nemo ut repellendus et. Saepe at sapiente voluptas illum aut qui maiores. Et quis repellat ipsam saepe dignissimos consequatur et.',0,0,NULL,'2010-11-05 03:03:00','2021-03-16 14:45:23'),(59,59,67,'Corrupti inventore quae debitis provident eaque ullam eum. Mollitia explicabo repellat excepturi consequuntur. Accusantium consequatur neque et tempore assumenda enim. Dolore aut quis ut et veritatis sint quaerat.',1,0,NULL,'1994-06-20 21:04:31','2021-03-16 14:45:23'),(60,60,32,'Et accusantium soluta dolore. Sequi optio eos saepe eligendi eum. Illum cumque ducimus necessitatibus asperiores.',0,1,0,'2018-10-12 17:37:32','2021-03-16 14:45:23'),(61,61,73,'Ipsum facere et nihil animi. Vitae deleniti deserunt accusamus suscipit. Incidunt inventore natus et aliquid.',0,1,1,'1981-04-25 13:37:57','2021-03-16 14:45:23'),(62,62,20,'Magni expedita cumque enim et voluptatibus voluptate. Qui modi maxime sit at. Optio pariatur et maxime sit quisquam. Ad necessitatibus aut in vel eius dolor.',0,0,NULL,'1981-05-25 07:37:48','2021-03-16 14:45:23'),(63,63,21,'Dolorem et veniam voluptatibus et fugit temporibus. Autem a hic fugiat minus beatae. Doloremque minima et provident et nulla qui aliquid. Autem numquam ab maxime maiores facilis.',0,0,NULL,'2006-06-12 04:01:42','2021-03-16 14:45:23'),(64,64,88,'Ad voluptatem quibusdam corporis magnam corrupti. Saepe quod dolore consectetur officia totam architecto sunt. Necessitatibus ut et voluptatem nostrum blanditiis dignissimos. In aut mollitia a nam aut in et odio.',0,0,NULL,'2014-11-22 10:34:35','2021-03-16 14:45:23'),(65,65,25,'Nam error inventore aspernatur consequuntur porro ipsa animi. Et consequatur omnis nisi dignissimos in rem voluptatem. Sit quae blanditiis omnis omnis rerum voluptatem ullam. Eveniet quam reprehenderit nisi.',0,1,1,'2020-04-01 09:02:11','2021-03-16 14:45:23'),(66,66,88,'Tempore et aut error quo. Voluptatibus ullam est molestiae architecto.',0,0,NULL,'1997-03-04 15:29:38','2021-03-16 14:45:23'),(67,67,61,'Quidem saepe animi quia vitae. Alias mollitia modi tempore ipsam. Culpa minus praesentium maxime tenetur et consequatur earum.',1,1,1,'1983-09-14 05:08:52','2021-03-16 14:45:23'),(68,68,55,'Ab ut voluptatum et facere eaque sint vero dolor. Qui in non nobis dolor. Unde rerum ipsa voluptatem cupiditate.',1,1,0,'1981-02-02 19:19:18','2021-03-16 14:45:23'),(69,69,18,'Quia dolor praesentium qui cupiditate. Corrupti illo amet nobis.',0,0,NULL,'1998-10-27 23:15:48','2021-03-16 14:45:23'),(70,70,51,'Vero dolorem unde provident autem. Molestiae voluptatem maxime inventore rerum.',0,0,NULL,'2006-11-30 03:20:38','2021-03-16 14:45:23'),(71,71,8,'Impedit odio ducimus aut voluptatem repudiandae dolor est ab. Ullam distinctio est ut enim distinctio. Ut et omnis nobis tempore debitis fugit est.',1,0,NULL,'2017-03-11 20:14:49','2021-03-16 14:45:23'),(72,72,41,'Cupiditate quas inventore cupiditate quasi. Officia magnam temporibus nulla molestiae illo vel deserunt. Velit nisi et ut quibusdam mollitia vero beatae est. Necessitatibus placeat sint id autem eum.',1,1,1,'1977-02-10 08:28:07','2021-03-16 14:45:23'),(73,73,35,'Id est quos et sint. Voluptas qui eius nemo fugiat soluta qui. Debitis et perspiciatis minus unde reiciendis dicta.',0,0,NULL,'1999-11-09 23:11:38','2021-03-16 14:45:23'),(74,74,88,'Consequatur quas doloribus unde numquam excepturi quibusdam. Esse assumenda possimus dolorem ut ipsum. Veniam dolorem rerum non maiores voluptas aut assumenda. Dolor doloremque inventore perferendis aut.',0,0,NULL,'1994-11-26 03:34:26','2021-03-16 14:45:23'),(75,75,23,'Aperiam est pariatur rerum et. Illum earum autem sit aut. Qui ad accusantium tenetur quod repellat natus similique. Sint culpa id et deserunt aut suscipit labore accusamus. Atque delectus nesciunt eaque quidem tempora.',1,0,NULL,'2012-08-14 12:31:25','2021-03-16 14:45:23'),(76,76,86,'Dolore voluptates ut ea minima id et similique. Rerum porro sed quibusdam eos eaque. Rerum odit voluptatem assumenda suscipit fugit. Alias aut iste placeat id id.',0,0,NULL,'1983-06-28 06:07:55','2021-03-16 14:45:23'),(77,77,30,'Assumenda tenetur corporis adipisci sunt non ut. Corporis quas sit impedit. Voluptatum et mollitia laudantium. Eveniet dignissimos dolor quis. Ad consequatur libero voluptates eveniet.',1,1,1,'2007-07-26 02:04:43','2021-03-16 14:45:23'),(78,78,53,'Quibusdam asperiores ut inventore voluptas. Tenetur dolorem aliquid voluptatem aspernatur.',0,0,NULL,'2003-04-27 11:00:22','2021-03-16 14:45:23'),(79,79,95,'Id aspernatur itaque minus earum deserunt. Ea veritatis qui consequatur quis dolores rerum. Magni libero soluta temporibus.',1,0,NULL,'1974-06-14 11:46:58','2021-03-16 14:45:23'),(80,80,31,'Ducimus magnam temporibus quod repellat sit aut. Et qui assumenda voluptatum. Voluptas magni et quaerat. Soluta debitis quod consectetur at delectus vitae.',1,0,NULL,'1987-10-30 09:28:27','2021-03-16 14:45:23'),(81,81,7,'Nihil distinctio facilis non hic earum. Et beatae quas porro inventore.',0,0,NULL,'1997-09-15 22:52:13','2021-03-16 14:45:23'),(82,82,99,'Et voluptates blanditiis voluptatum eum autem. Omnis fugiat nihil similique consequatur in. Porro rerum a qui voluptatem.',0,1,1,'1983-03-03 09:59:25','2021-03-16 14:45:23'),(83,83,63,'Ut molestiae tenetur vel cupiditate hic. Aliquam dolores atque eveniet quae est sed. Est amet mollitia aut vel dolor eaque natus. Eos quod similique qui sint cum similique ullam illum.',1,1,1,'1981-03-04 22:54:25','2021-03-16 14:45:23'),(84,84,68,'Enim excepturi a enim ad quisquam. Mollitia numquam vel minima. Ut quia minima minus enim.',1,0,NULL,'1986-08-03 19:43:38','2021-03-16 14:45:23'),(85,85,5,'Sint nemo dolorem vero doloremque et dolorem sit fugit. Quaerat dolores excepturi deleniti nisi. Doloribus rerum blanditiis et ea expedita a. Officiis eum tempore atque nostrum et.',1,0,NULL,'1981-03-21 21:28:14','2021-03-16 14:45:23'),(86,86,16,'Vitae repudiandae et beatae voluptas consequuntur perspiciatis. Nostrum commodi tenetur et reiciendis. Culpa est dolorum est et accusantium.',0,1,0,'2005-06-15 07:47:13','2021-03-16 14:45:23'),(87,87,70,'Distinctio ut est autem tempore. Nihil quia voluptatem recusandae aut voluptatem sed. Iste magni quia inventore nostrum qui a. Ipsam voluptatem velit placeat aliquam id.',0,1,0,'2007-05-21 17:03:57','2021-03-16 14:45:23'),(88,88,39,'Aut et rem maiores. Quidem placeat aut omnis cupiditate perferendis quibusdam et. Aspernatur ut asperiores omnis cupiditate quasi sunt ducimus. Dolores cupiditate error consequatur ipsum.',0,1,0,'1984-02-12 20:47:48','2021-03-16 14:45:23'),(89,89,40,'Ipsa dicta voluptatibus architecto est. Et ea et et cupiditate consectetur omnis. Itaque sit ea ipsum vero voluptas natus. Voluptas non sunt minima amet qui nisi sint.',1,1,1,'2016-03-21 02:00:06','2021-03-16 14:45:23'),(90,90,49,'Reiciendis dolorum sequi dolores molestiae ut asperiores consequatur. Qui quo non molestiae illum eaque pariatur eum. Minus similique alias consequatur. Iste autem officia sed consequatur vitae dicta nesciunt.',1,0,NULL,'1981-09-16 22:38:37','2021-03-16 14:45:23'),(91,91,29,'Aperiam cum qui quaerat eum nihil odit eius. Dolorem quibusdam ratione quisquam. Ad aspernatur neque rerum mollitia corrupti iste. Et ut omnis atque ut nisi qui nihil.',0,1,0,'1978-09-23 19:58:57','2021-03-16 14:45:23'),(92,92,79,'Numquam consequatur iste adipisci est ut commodi eius. Quo itaque ea cupiditate sed voluptatum. Et temporibus explicabo est quia iusto.',0,1,1,'1972-08-21 07:32:33','2021-03-16 14:45:23'),(93,93,23,'Sit voluptas dolor praesentium asperiores quis doloribus. Eos rerum sit asperiores. Dicta dolores fuga optio tenetur. Velit quos et eos. Molestias maiores minima consequatur laudantium consequuntur.',0,1,1,'2017-02-05 20:13:32','2021-03-16 14:45:23'),(94,94,69,'Alias voluptate voluptatibus et et minus. Ipsam provident rerum sed molestiae. Asperiores distinctio id sed modi ab assumenda. Ipsam maiores vel expedita saepe dolores sint dolorem sit.',0,0,NULL,'2015-12-02 07:55:23','2021-03-16 14:45:23'),(95,95,64,'Magni voluptatem dolorum tempora est facilis dicta. Atque commodi porro similique vitae eum. Quisquam aut sint ut vel nihil quia officiis.',1,0,NULL,'2015-09-02 15:11:12','2021-03-16 14:45:23'),(96,96,32,'Fugiat amet pariatur dignissimos harum accusantium est impedit. Tempore cumque at ut eaque pariatur iure. Aut qui nobis laboriosam occaecati ab sit sunt consequuntur. Vel soluta qui qui.',0,1,1,'1999-10-21 23:57:22','2021-03-16 14:45:23'),(97,97,46,'Voluptatem qui totam iusto et. Aut culpa non autem modi.',0,0,NULL,'1981-04-27 18:49:15','2021-03-16 14:45:23'),(98,98,51,'Consequatur sit sequi eos ut fugit sit ut et. Qui veniam id illo. Rerum quas saepe non.',1,1,0,'1976-09-28 23:53:11','2021-03-16 14:45:23'),(99,99,85,'Qui quis ut et quia. Rerum impedit voluptatum iure est. Eum et qui dignissimos expedita in in maxime.',0,0,NULL,'1993-11-16 17:26:35','2021-03-16 14:45:23'),(100,100,99,'Et architecto iure illum vero in. Sint amet ratione et. Quod qui non et et dolor corporis et reprehenderit. Aut debitis occaecati temporibus.',1,0,NULL,'2008-05-06 10:14:16','2021-03-16 14:45:23'),(101,1,84,'Voluptatem unde qui ut quod. Et et architecto architecto minima amet veritatis eos. Est voluptatum a et maxime sit sed quaerat. Similique molestias rerum officia est culpa sit nulla.',1,1,1,'2010-07-19 00:08:25','2021-03-16 14:45:23'),(102,2,41,'Consequatur qui consectetur consequatur aut. Nam voluptates facilis vero reiciendis ipsum culpa vitae dolores. Voluptatem blanditiis illo sunt quidem et.',1,1,1,'1977-06-01 22:44:12','2021-03-16 14:45:23'),(103,3,68,'Dolores et nemo animi autem facilis facere. Dolores sit minus non sint velit ut. Voluptatibus ut et numquam mollitia similique consequatur.',1,1,0,'1990-11-23 23:25:58','2021-03-16 14:45:23'),(104,4,31,'Ad unde blanditiis et dolorem. Est aut officia numquam. Aliquam fuga molestiae quibusdam aliquid voluptatem libero expedita. Dolor corrupti dolorem deleniti debitis aut.',1,0,NULL,'2016-10-02 15:45:40','2021-03-16 14:45:23'),(105,5,19,'Illo et aut aspernatur velit ut qui. A et dolorem qui ut. Et similique odit repellat velit repellendus.',0,1,0,'2000-10-02 05:35:16','2021-03-16 14:45:23'),(106,6,4,'Cumque blanditiis et rerum ut accusantium cupiditate harum. Natus totam aut ut qui in odit quibusdam.',0,0,NULL,'1984-06-06 22:13:09','2021-03-16 14:45:23'),(107,7,75,'Illo non esse magnam quaerat. Recusandae aut fuga amet incidunt laborum iusto est. Amet animi iusto sit asperiores nihil quo beatae autem.',1,0,NULL,'1974-04-13 04:22:12','2021-03-16 14:45:23'),(108,8,64,'Animi repellendus dolorem ut aut deleniti. Eos ut repellendus rerum repudiandae quas voluptas. Reiciendis dicta error voluptatem quia quasi vel.',1,0,NULL,'2020-02-13 10:38:00','2021-03-16 14:45:23'),(109,9,57,'Reprehenderit totam sed delectus sit facere. Error sint consequatur eum similique nihil quasi officiis. Quas sint ut illo non. Sit consequatur autem laudantium corrupti itaque molestiae.',1,1,1,'1989-12-26 22:33:03','2021-03-16 14:45:23'),(110,10,69,'Neque cumque delectus modi aliquid. Reiciendis dolores mollitia magni dolorem exercitationem illum. Quia consequatur necessitatibus rem iure mollitia ipsum. Eum earum eligendi repellendus sunt.',0,0,NULL,'2014-06-16 08:53:07','2021-03-16 14:45:23'),(111,11,64,'Maiores veniam possimus quam dolores nihil. Id vel eligendi enim enim. Quo voluptas molestiae et fugiat dolorem amet ea. Vel nobis pariatur deleniti molestias.',1,1,1,'1973-09-29 21:11:21','2021-03-16 14:45:23'),(112,12,49,'Iure dolor autem eius sequi possimus quia rem quisquam. Deleniti dolore enim inventore eum. Iusto eos ipsum ut omnis et et. Eveniet harum inventore pariatur distinctio.',1,0,NULL,'2009-08-23 00:07:20','2021-03-16 14:45:23'),(113,13,23,'Dolor asperiores ut optio in tempore aspernatur. Quia voluptatum velit qui totam. Quo autem odio magnam velit sit consequatur deserunt libero.',0,1,0,'1971-04-20 13:37:35','2021-03-16 14:45:23'),(114,14,18,'Accusantium repudiandae est eligendi dolores praesentium sunt. Quod eos id corrupti qui suscipit voluptas veritatis. Repellendus praesentium voluptate nostrum deleniti in. Ea facere repellat veritatis sit hic. Vel quis sint quia voluptatem corporis eaque aut.',1,0,NULL,'2007-11-04 20:16:17','2021-03-16 14:45:23'),(115,15,31,'Recusandae rerum assumenda magnam eaque nisi. Eligendi odio rerum tempora sint rem.',1,0,NULL,'1988-02-15 12:46:58','2021-03-16 14:45:23'),(116,16,31,'Aliquid fugit voluptas enim ea quidem dignissimos. Reiciendis nobis commodi dolorem fuga rem non. Optio perferendis et quia deserunt delectus alias.',0,1,0,'2019-03-10 07:57:55','2021-03-16 14:45:23'),(117,17,96,'Laboriosam rerum soluta inventore eligendi molestias cupiditate quis harum. Assumenda consectetur provident a animi. Maxime veritatis sit cumque aperiam.',0,0,NULL,'1973-03-27 22:35:55','2021-03-16 14:45:23'),(118,18,22,'Et doloremque exercitationem ad et maxime est. Molestiae cupiditate deleniti consequatur at sunt. Deserunt id provident et dolores quasi.',1,1,0,'1983-11-04 22:11:04','2021-03-16 14:45:23'),(119,19,35,'Omnis est debitis fuga autem voluptatem dolores sint. Qui esse a quos. Et aliquid id aliquid autem omnis quae sed porro. Magni ut architecto et inventore soluta sed commodi. Doloribus deleniti voluptatibus omnis vero dolores dolores.',1,0,NULL,'2001-04-08 23:00:38','2021-03-16 14:45:23'),(120,20,21,'Voluptatem quia ratione suscipit quo vel recusandae corporis repudiandae. Natus quam aliquid error consequatur ut. Nulla et impedit incidunt in et voluptatum molestiae.',1,1,0,'2017-06-11 10:47:14','2021-03-16 14:45:23'),(121,21,15,'Rem sed minus nisi in. Est quo ut iste odit dolorum reiciendis consequuntur. Officiis in quos molestiae iure. Voluptate voluptatibus cum ex atque et omnis corrupti.',1,0,NULL,'1971-01-15 16:31:09','2021-03-16 14:45:23'),(122,22,29,'In omnis esse ut asperiores sequi. Excepturi quos voluptas molestiae maxime.',1,0,NULL,'2015-10-06 11:31:47','2021-03-16 14:45:23'),(123,23,71,'Voluptatum velit enim qui id dicta exercitationem commodi. Enim eum aut corrupti. Recusandae magnam in odit.',0,1,0,'1979-10-01 05:54:09','2021-03-16 14:45:23'),(124,24,20,'Ducimus aliquam vel dolorem et. Non unde illo aut odio omnis eius. Itaque unde facilis doloremque.',1,0,NULL,'1987-08-14 03:12:09','2021-03-16 14:45:23'),(125,25,91,'Illo ab deserunt in accusamus. Quibusdam eveniet deleniti repellendus doloribus maxime. Est earum laboriosam reiciendis repellat modi id repellat.',0,0,NULL,'1991-07-22 06:08:02','2021-03-16 14:45:23'),(126,26,15,'Tempora ex est sit laboriosam incidunt nesciunt molestiae. Numquam odit non dignissimos. Est eius vel sed eum veniam.',1,1,1,'1975-07-25 20:35:08','2021-03-16 14:45:23'),(127,27,96,'Amet aut est officiis. Vitae debitis incidunt ut ipsum ad. Deserunt quasi dolor qui rerum dignissimos dolore. Omnis ea est expedita repudiandae.',0,0,NULL,'2004-07-13 13:05:03','2021-03-16 14:45:23'),(128,28,96,'Nihil facilis molestiae sunt dolor magni neque repudiandae. Ea doloremque consequatur minus enim sunt excepturi. Ratione qui vel aliquid nihil.',1,1,0,'1979-06-26 05:23:34','2021-03-16 14:45:23'),(129,29,57,'Aperiam voluptatem quo quod. Itaque nihil mollitia sunt ex repellat. Autem non quas odio itaque. Omnis eum error reiciendis impedit.',0,0,NULL,'2016-11-12 22:41:29','2021-03-16 14:45:23'),(130,30,3,'Est qui aut et quia dolore. Velit magnam ut nesciunt delectus. Accusantium facilis dolores atque quo placeat cupiditate.',1,1,1,'2019-12-09 01:40:38','2021-03-16 14:45:23'),(131,31,74,'Ratione dicta dignissimos id voluptatem quis et similique. Assumenda id voluptatem in officia eligendi et tempore. Sed quis possimus mollitia in non fuga.',0,0,NULL,'1973-07-22 21:37:29','2021-03-16 14:45:23'),(132,32,71,'Et omnis deserunt sequi est ipsum deserunt. Hic sint iure officiis eos rerum quasi totam adipisci. Expedita ducimus est eos omnis mollitia aut enim. Doloribus molestiae debitis qui id. Minus commodi sit sapiente doloremque eius numquam.',0,0,NULL,'1988-05-30 05:25:31','2021-03-16 14:45:23'),(133,33,5,'Est ipsa inventore earum ex unde qui nesciunt. Quo quo et qui est libero dolores. Quod non nobis dolores accusamus aut rerum tenetur.',0,0,NULL,'1985-10-24 07:31:18','2021-03-16 14:45:23'),(134,34,14,'Sunt distinctio commodi ex reiciendis. Unde libero cum aperiam accusamus ad. Perferendis consequatur modi velit repellat praesentium.',0,0,NULL,'2015-02-16 00:41:45','2021-03-16 14:45:23'),(135,35,80,'Architecto quo velit reprehenderit quos non. Aut culpa fuga distinctio rerum praesentium. Voluptatem blanditiis qui excepturi doloremque voluptas voluptate harum. Fugit necessitatibus impedit debitis quos.',1,1,1,'2021-01-07 06:47:22','2021-03-16 14:45:23'),(136,36,14,'Nostrum recusandae tempore commodi necessitatibus magni ab qui. Veniam aut fugiat dolorem sunt rerum aliquid sed repellat.',1,0,NULL,'1974-04-14 02:01:13','2021-03-16 14:45:23'),(137,37,50,'Est quaerat facilis nesciunt sunt. Soluta et quis error temporibus et sit odio aut.',0,1,1,'2018-08-09 03:53:25','2021-03-16 14:45:23'),(138,38,27,'Voluptate unde maiores aspernatur perferendis. Pariatur voluptatibus et velit et dolores ut officia nesciunt.',0,0,NULL,'1983-04-20 17:10:04','2021-03-16 14:45:23'),(139,39,47,'Voluptates quia neque dolorem rem quis aperiam. Veritatis ut voluptatem voluptates id. Neque sequi deserunt et ut eius eum in.',0,0,NULL,'1991-02-07 10:27:14','2021-03-16 14:45:23'),(140,40,36,'Sequi laborum iusto sint blanditiis veniam. Eos sunt eos quis autem similique architecto. Sunt explicabo quibusdam commodi error cum qui quod qui. Et nulla nihil iste asperiores optio quam deleniti ea. Tempore qui qui facere dolorem exercitationem consequatur impedit.',1,0,NULL,'1983-03-30 17:29:57','2021-03-16 14:45:23'),(141,41,32,'Maiores consequatur illum et et. Nesciunt corrupti non culpa dolores cumque inventore ratione.',0,1,0,'2010-07-31 13:36:40','2021-03-16 14:45:23'),(142,42,5,'Asperiores delectus ex nisi repellendus. Blanditiis non iste laboriosam et suscipit quia. Earum in qui et repellendus provident.',1,0,NULL,'2009-05-24 18:24:20','2021-03-16 14:45:23'),(143,43,84,'Ab possimus non laborum aspernatur autem velit. Provident nesciunt voluptate laboriosam maiores eius. Repellat placeat rem exercitationem ut alias qui.',1,0,NULL,'1995-05-25 20:04:23','2021-03-16 14:45:23'),(144,44,18,'Nesciunt expedita ea incidunt reiciendis necessitatibus nemo ipsam. Labore saepe corrupti dignissimos ratione sit esse. Laudantium dolore odio est nam sint numquam sed. Soluta sit eum aut dolores neque. Magnam ratione neque totam architecto quos.',1,0,NULL,'2017-05-29 00:31:53','2021-03-16 14:45:23'),(145,45,62,'Ut aspernatur sit expedita qui sunt. Iusto et atque sed saepe facilis sed aliquid. Ab adipisci ut velit officia.',1,1,0,'1973-04-13 06:48:52','2021-03-16 14:45:23'),(146,46,17,'Veniam laboriosam dolores dolore eos ut officia. Totam enim fugiat cum consequatur provident impedit quas. Non voluptas voluptatem voluptatum veritatis reprehenderit quisquam vel. Nulla laudantium sunt possimus omnis. Omnis sed officiis ullam et.',1,1,0,'1977-10-18 02:27:26','2021-03-16 14:45:23'),(147,47,53,'Neque nam esse non reiciendis quia eligendi. Aut quam dolore sit neque. Nesciunt eos velit sed quia repellat facilis velit et.',0,0,NULL,'1978-01-18 02:04:31','2021-03-16 14:45:23'),(148,48,60,'Ipsa commodi debitis ducimus impedit delectus. Vitae sit non maxime dolores delectus aut excepturi. Animi laudantium dolor ducimus soluta. Possimus ut culpa dolorum dolorem commodi dolor deserunt.',0,1,1,'2017-06-05 05:00:07','2021-03-16 14:45:23'),(149,49,69,'Molestias ut impedit porro. Veritatis aut dolores animi est id repellendus.',0,1,1,'1981-08-30 20:40:50','2021-03-16 14:45:23'),(150,50,74,'Qui non quasi beatae sed iusto nisi. Occaecati corrupti et molestias totam totam sint. Aliquid tempora consectetur ut adipisci repellendus impedit consequuntur.',0,0,NULL,'2006-09-27 21:31:19','2021-03-16 14:45:23'),(151,51,29,'Dicta nulla atque ut est. Voluptas saepe dicta voluptatem omnis consequuntur quia ut. Ut qui iure voluptatem id. Magnam eaque cum optio facilis hic.',0,0,NULL,'1984-04-28 05:55:18','2021-03-16 14:45:23'),(152,52,79,'Doloremque excepturi amet natus explicabo. Voluptas est porro occaecati quia deserunt pariatur minima. Incidunt doloremque excepturi voluptatem impedit ratione animi. Aspernatur rerum velit perferendis omnis.',1,1,1,'1975-04-07 13:08:14','2021-03-16 14:45:23'),(153,53,76,'Est voluptas aliquam est. Ex eius molestias molestiae ea. Labore sapiente eius velit sit. Provident iusto minima qui.',1,1,1,'1985-09-29 11:44:55','2021-03-16 14:45:23'),(154,54,72,'Expedita repudiandae ut et ut aliquam cum. Quasi adipisci quis quod et et accusamus sunt. Eligendi unde vel quaerat culpa.',1,0,NULL,'2000-08-31 14:06:31','2021-03-16 14:45:23'),(155,55,7,'Ad nobis exercitationem aperiam optio. Eum officiis eaque maiores distinctio dolores ipsa nihil. Assumenda consectetur ex ipsum dolorem in perspiciatis consequatur.',0,1,0,'2011-08-23 08:30:28','2021-03-16 14:45:23'),(156,56,28,'Quas modi ea quam non repellendus perspiciatis voluptatum. Non consequuntur in aspernatur dolores quia assumenda non. In id velit non qui rem dolores. Eligendi illum esse consequatur et atque. Eos ut voluptas architecto.',0,0,NULL,'2001-10-12 03:44:56','2021-03-16 14:45:23'),(157,57,12,'Rerum qui iure dicta eum. Quia ut illum iste rerum dolore doloribus odit dicta. Veniam ullam ullam in corporis necessitatibus. Perferendis exercitationem enim architecto autem quo autem. Voluptas quis optio alias dolorum placeat.',1,1,0,'1993-07-10 00:55:41','2021-03-16 14:45:23'),(158,58,34,'Rerum velit expedita aspernatur sint amet delectus. Repellat earum enim omnis. Dicta vitae laudantium consequatur. Dolore ex tempora fugiat ea rerum consequatur et. Rerum et sed necessitatibus aut dolorum qui.',0,0,NULL,'2013-06-12 15:55:05','2021-03-16 14:45:23'),(159,59,73,'Ipsam voluptas qui harum quaerat repellendus dolores autem. Et corrupti omnis est accusantium cupiditate. Ut similique commodi aspernatur totam officiis.',1,1,0,'2016-09-03 01:43:15','2021-03-16 14:45:23'),(160,60,98,'Aut voluptatum quia harum nulla ut est omnis. Qui est aliquid non ea rerum. Architecto perferendis sunt occaecati vel facilis corrupti omnis placeat.',0,1,0,'2014-11-23 09:07:29','2021-03-16 14:45:23'),(161,61,5,'Exercitationem illum et ducimus repudiandae sapiente asperiores autem. Architecto veniam est nam qui omnis voluptas. Eum dolores repellendus modi enim assumenda. Quo sit consequatur ut.',0,1,1,'2014-10-28 23:10:29','2021-03-16 14:45:23'),(162,62,42,'Aut error maxime ratione quia. Earum voluptatum ad saepe dolorum eius.',0,1,1,'1971-05-01 15:20:59','2021-03-16 14:45:23'),(163,63,3,'Quis dolorum iste cum qui perspiciatis omnis. Molestiae blanditiis voluptatem voluptatem quasi. Ut expedita magni sunt sed ut corrupti a.',1,1,0,'1981-05-23 01:29:02','2021-03-16 14:45:23'),(164,64,82,'Odit exercitationem at laboriosam asperiores quia. Et repellat sed voluptatem et officiis. Hic dolorum voluptas corporis animi alias perspiciatis aut.',0,0,NULL,'1993-02-03 19:08:51','2021-03-16 14:45:23'),(165,65,13,'Voluptatem ad aut omnis nesciunt odit voluptates. Consequatur non animi nisi voluptas et sed. Omnis sed similique repudiandae.',1,1,0,'1982-11-06 11:09:45','2021-03-16 14:45:23'),(166,66,36,'Consectetur id quia minima fugiat quidem explicabo commodi. Aut nisi minima eius quam nulla. Quae nihil qui quisquam veritatis qui. Voluptate provident beatae dolorum. Omnis quis sed libero omnis ut.',1,1,0,'2009-01-13 06:10:10','2021-03-16 14:45:23'),(167,67,73,'Fuga consectetur hic dolor repellendus illum culpa. Dolor ipsum ut dolorum delectus omnis dolor. Illo est minima vel dolorem ut cumque tenetur. Explicabo corrupti magni dolor ea voluptatum vel.',0,1,0,'1983-04-03 00:29:23','2021-03-16 14:45:23'),(168,68,7,'Laborum id fugiat enim illum. Eum dicta voluptas voluptas eveniet asperiores. Earum quae repellendus aut repellendus quisquam ducimus minus error. Aut velit ullam est est porro. Vitae similique ut voluptatem velit nihil enim veritatis.',0,1,1,'1979-10-26 17:10:38','2021-03-16 14:45:23'),(169,69,49,'A aut nam soluta inventore. Voluptates ex et eveniet enim expedita laboriosam. Ea aperiam non adipisci laborum molestiae aut sed. Dignissimos nam id doloremque vel.',1,1,0,'2012-04-03 02:45:48','2021-03-16 14:45:23'),(170,70,32,'Ducimus nemo quia non numquam aut atque. Recusandae tenetur iure odit maiores.',0,1,0,'1988-09-04 18:12:29','2021-03-16 14:45:23'),(171,71,12,'Consequuntur et praesentium deserunt modi neque deserunt. Numquam porro itaque autem nihil sequi repudiandae. Est debitis quo odit dignissimos accusantium aut itaque. Assumenda temporibus velit alias magnam minima neque minima.',1,0,NULL,'1979-08-20 01:57:28','2021-03-16 14:45:23'),(172,72,42,'Autem consequuntur pariatur totam sit debitis nihil. Voluptas omnis atque impedit atque perspiciatis. Veritatis sed repellat expedita reiciendis. Sed expedita consequuntur voluptatem error.',1,0,NULL,'1983-04-02 20:02:06','2021-03-16 14:45:23'),(173,73,75,'Officiis voluptatem laborum minus cum libero. Assumenda rerum et dicta nostrum minima. Saepe tempora alias est ut quaerat ducimus. Sit iusto non corrupti et.',0,0,NULL,'2019-02-24 22:38:27','2021-03-16 14:45:23'),(174,74,13,'Similique delectus id quia asperiores nihil ut error fugiat. Ipsa quia deleniti et occaecati sapiente. Fugit placeat nihil repellat optio dolor a exercitationem. Suscipit at et nisi fuga animi.',0,1,1,'2001-10-11 16:10:07','2021-03-16 14:45:23'),(175,75,82,'Possimus aut quas qui nihil et amet repudiandae. Dolores nihil voluptate nostrum debitis est. Recusandae qui vel consequatur sit nisi.',0,0,NULL,'1986-01-21 09:08:58','2021-03-16 14:45:23'),(176,76,29,'Illum reprehenderit est voluptas repellendus et officia consequatur temporibus. Et odio repellat a quidem non modi. Odio exercitationem perferendis soluta delectus cumque itaque. Id doloremque magni omnis repellat.',0,1,1,'1977-12-03 00:02:38','2021-03-16 14:45:23'),(177,77,32,'Explicabo corrupti ab nisi exercitationem quis aspernatur illum eum. Rerum incidunt molestiae excepturi placeat numquam et. Error quaerat id nihil minima placeat laborum nostrum adipisci.',0,0,NULL,'1985-01-30 05:39:18','2021-03-16 14:45:23'),(178,78,22,'Ut dicta voluptatem consectetur velit. Nemo et ut eos soluta ullam iusto. Delectus aspernatur ratione aut illo et.',0,1,1,'2019-01-12 16:23:44','2021-03-16 14:45:23'),(179,79,98,'Et officia similique commodi minima atque. Itaque similique dignissimos ut. Recusandae voluptas ipsam dolores sed quaerat vero et. Exercitationem quos quos est sit inventore. Temporibus odit qui et non.',0,1,0,'1973-04-15 08:10:25','2021-03-16 14:45:23'),(180,80,79,'Repellat aut dolores sit vitae. Dolorem vel delectus omnis enim porro beatae beatae. Repellat vel omnis repudiandae maiores necessitatibus quia.',1,0,NULL,'1985-06-12 13:01:54','2021-03-16 14:45:23'),(181,81,17,'Incidunt quidem dolorem exercitationem neque consequatur rerum. Nobis consequatur qui ut velit. Nemo voluptatem inventore eius explicabo minima provident aut dolores. Possimus perferendis hic repellat voluptatem qui dolores officia.',1,0,NULL,'2001-11-07 04:41:40','2021-03-16 14:45:23'),(182,82,65,'A adipisci dolore cupiditate. Laboriosam soluta voluptatum provident consequatur itaque. Eaque explicabo cumque rerum consequatur modi vel. Explicabo veniam explicabo aliquam voluptas quidem.',0,1,1,'2014-10-05 13:15:19','2021-03-16 14:45:23'),(183,83,99,'Cumque distinctio non non accusantium et. Sint ut qui quia omnis nam. Odit laborum consectetur et. Eos sunt veritatis et error voluptatem ea saepe beatae.',0,1,0,'1980-10-13 21:34:19','2021-03-16 14:45:23'),(184,84,39,'Porro ab sunt ab quia. Dolore quia amet consectetur est provident. Laboriosam omnis asperiores optio veniam quod dolor. Et ex voluptatibus inventore tempore maiores et molestias.',0,1,0,'2008-07-29 05:40:40','2021-03-16 14:45:23'),(185,85,91,'Maxime ratione molestias dolores. Repellendus et voluptatem atque. Quis non possimus aut autem.',1,1,1,'1977-05-15 05:07:21','2021-03-16 14:45:23'),(186,86,10,'Quaerat hic officiis et corrupti tempore officiis. Qui aut sed consectetur ducimus iure eos porro. Est voluptatem maiores at vel modi odit. Nulla qui officia sit ut temporibus ducimus.',0,0,NULL,'2006-04-02 11:28:58','2021-03-16 14:45:23'),(187,87,13,'Est saepe optio qui et ut. Eligendi maxime in ut voluptate nemo. Velit consequatur aut ullam ratione velit. Ipsum soluta velit quam est aspernatur eum quis.',1,0,NULL,'1976-02-23 16:17:32','2021-03-16 14:45:23'),(188,88,90,'Suscipit qui et maiores recusandae. Optio ea quas distinctio. Fugit aspernatur necessitatibus veritatis aut consequatur. Et ex incidunt cupiditate voluptatem aut esse voluptatem ut.',0,1,1,'2010-06-05 04:08:08','2021-03-16 14:45:23'),(189,89,84,'Consequatur quo tenetur ipsam facilis autem earum. Voluptate quae veritatis nesciunt excepturi. Nisi distinctio voluptatem minus eum voluptate. Distinctio ullam molestiae ex dolorem cumque voluptatem repellat.',1,1,1,'2001-03-17 09:41:26','2021-03-16 14:45:23'),(190,90,58,'Doloribus velit accusantium inventore qui minima tenetur similique. Atque dolor distinctio dignissimos quae quos voluptas sunt. Fuga aut dolores libero soluta. Voluptatem incidunt in rerum ut autem.',1,1,0,'2017-11-06 17:52:57','2021-03-16 14:45:23'),(191,91,46,'Est corrupti molestias hic non odit aspernatur modi ut. Esse dignissimos perspiciatis enim nemo tempore nihil. Voluptatem aperiam est placeat consequatur. Nobis incidunt est nemo voluptas et est.',0,0,NULL,'1987-10-18 05:33:07','2021-03-16 14:45:23'),(192,92,54,'Laboriosam vero dolor impedit reiciendis. Impedit esse aut deleniti.',0,0,NULL,'2018-09-30 15:33:44','2021-03-16 14:45:23'),(193,93,53,'Tempore esse doloremque rem perferendis porro qui placeat. Esse omnis soluta quasi doloremque minima. Est accusamus error delectus perferendis ducimus voluptas. Est sint et illum et perspiciatis.',1,1,1,'2004-11-30 17:15:54','2021-03-16 14:45:23'),(194,94,16,'Sequi omnis nihil at et tenetur. Et porro tenetur blanditiis eos qui. Alias animi doloribus in ea. Doloribus et facilis molestiae dolor.',0,0,NULL,'1992-02-26 10:07:02','2021-03-16 14:45:23'),(195,95,40,'Ducimus nihil sint hic modi amet magni non. Dicta minima ut consequatur. Sed a rerum esse non occaecati suscipit.',1,1,1,'1981-09-04 02:00:12','2021-03-16 14:45:23'),(196,96,60,'Vitae fuga et eius qui cumque qui. Mollitia repellendus odit aut consequatur quia voluptas. Blanditiis aut eligendi repudiandae magni veniam. Nesciunt libero unde accusamus et exercitationem quae.',1,1,0,'2017-12-31 22:06:36','2021-03-16 14:45:23'),(197,97,7,'Praesentium et possimus repellat consequatur repellat sed. Deleniti cumque natus enim et assumenda vel. Illo ipsam odio dolor. Temporibus quia molestiae odio voluptatem. Recusandae facere illum temporibus ut ipsa dolorem ad.',1,0,NULL,'2011-09-03 06:56:03','2021-03-16 14:45:23'),(198,98,83,'Ab quo soluta est nihil sint impedit. Excepturi sint quas ipsa temporibus. Quis aliquid excepturi sit asperiores tenetur. Fugit enim error animi tenetur et omnis fugiat.',0,1,1,'1982-07-10 15:14:53','2021-03-16 14:45:23'),(199,99,13,'Maiores et officia laudantium esse at. Ut at numquam facilis dolores labore minima fugit non. Perspiciatis qui saepe voluptatibus quisquam. Expedita tempora quo ut illo sed.',1,0,NULL,'2004-01-29 10:00:50','2021-03-16 14:45:23'),(200,100,60,'Necessitatibus beatae possimus rerum excepturi ut ut rerum. Molestias neque qui accusamus debitis in minima tempore vero. In libero et dolores vel minima illum. Enim dolorem voluptas unde minima.',0,1,0,'1991-11-19 10:10:30','2021-03-16 14:45:23'),(201,1,5,'Illum praesentium aut aut beatae voluptates laudantium eum. Ea dolores quis nostrum veritatis reiciendis. Sint animi adipisci blanditiis molestiae ipsam eaque quia.',0,0,NULL,'2019-06-24 08:56:47','2021-03-16 14:45:23'),(202,2,56,'Excepturi animi tenetur autem qui. Aliquid aliquid explicabo adipisci voluptate laboriosam soluta qui voluptate. Deserunt et optio molestias est provident. Doloribus modi consequatur et corporis ipsum rem quod.',0,1,0,'2003-01-09 22:22:35','2021-03-16 14:45:23'),(203,3,36,'Vitae eaque veritatis sapiente doloribus. Repellat voluptatem aut autem. Asperiores ut neque quis sit assumenda deserunt. Temporibus eius asperiores sunt. Nostrum voluptatem consequatur ut rerum aliquam id.',0,0,NULL,'2008-11-05 08:04:01','2021-03-16 14:45:23'),(204,4,42,'Repudiandae quis et asperiores sint fugiat ipsam ex provident. Placeat cumque qui ducimus cum natus. Quis necessitatibus aut quibusdam deleniti temporibus repellendus est et.',0,1,0,'1989-10-18 18:23:36','2021-03-16 14:45:23'),(205,5,34,'Soluta qui itaque culpa odio provident id. Rerum ut dolores sit reprehenderit sed possimus velit magni. Tempore tempora quas facere deleniti suscipit corrupti vitae hic. Est autem nemo repudiandae consequatur fugiat omnis.',1,1,0,'2004-04-16 12:21:36','2021-03-16 14:45:23'),(206,6,75,'Amet veritatis aliquam quibusdam saepe. Aperiam modi alias optio id sit occaecati eveniet maxime. Id atque placeat magni aut. Sed laudantium reprehenderit aperiam voluptate officiis praesentium.',1,1,0,'1996-01-10 17:00:07','2021-03-16 14:45:23'),(207,7,27,'Aut ut consectetur quod fuga nisi accusamus. Vel distinctio nesciunt blanditiis consequatur sunt perspiciatis. Odio earum veritatis molestiae repellendus deserunt totam.',0,0,NULL,'1998-05-21 22:43:48','2021-03-16 14:45:23'),(208,8,93,'Quam magni voluptates impedit eum. Quaerat hic et quibusdam. Non blanditiis quo cumque consequatur dolor id id. Ut nihil provident et. Itaque laborum atque molestias a est at.',0,0,NULL,'1999-01-28 06:24:26','2021-03-16 14:45:23'),(209,9,5,'Eius ea quod incidunt veritatis dolores. Distinctio cupiditate dolores pariatur doloribus. Nesciunt provident quibusdam eius ut autem voluptatem voluptas explicabo.',1,1,0,'1979-02-24 01:13:51','2021-03-16 14:45:23'),(210,10,86,'Et quaerat architecto rerum aut et alias. Vero rem numquam nam voluptate ea velit minus. Dolorem qui deserunt perspiciatis iure. Ad hic id fugiat sed.',1,0,NULL,'1998-06-18 01:37:50','2021-03-16 14:45:23'),(211,11,10,'Sequi ut aut est dicta necessitatibus ea recusandae. Quia nisi architecto qui quibusdam aut id. Nesciunt sit occaecati eos rerum neque. Omnis fugit quis quos qui quasi.',0,0,NULL,'2007-07-20 07:16:38','2021-03-16 14:45:23'),(212,12,32,'Sunt aut dolorem cupiditate quaerat qui laboriosam. Aspernatur voluptas omnis vel perspiciatis facere adipisci vitae. Minus harum occaecati rerum dolor et minus. Occaecati aut deserunt non et ut.',0,0,NULL,'2010-06-18 19:34:19','2021-03-16 14:45:23'),(213,13,63,'Temporibus officia quibusdam quidem ut est nisi. Ipsam ratione excepturi molestias ut quis at quasi. Cupiditate et architecto sunt vel quis assumenda. Labore ut aut quos voluptates.',1,0,NULL,'2005-10-14 09:34:11','2021-03-16 14:45:23'),(214,14,87,'Repellendus sed cum quia accusantium. Consequatur ullam nisi quisquam molestiae temporibus sint totam. Quo harum qui ut ut quae.',0,1,1,'1975-09-10 11:28:51','2021-03-16 14:45:23'),(215,15,14,'Et explicabo eveniet et ut omnis aut dignissimos quidem. Quidem in sequi aut hic est omnis aut aperiam. Quia adipisci fuga corporis placeat ullam mollitia.',0,0,NULL,'2011-02-01 18:40:08','2021-03-16 14:45:23'),(216,16,62,'Ut sit alias eveniet eligendi possimus quasi aut. Laboriosam corrupti eligendi nulla molestias dolorum rerum enim. Numquam ut sunt necessitatibus debitis eveniet.',1,1,0,'1977-02-16 10:48:14','2021-03-16 14:45:23'),(217,17,84,'Provident minima facere voluptate accusantium quidem quia quia. Non voluptatibus autem voluptatem ipsam id deserunt impedit. Illo qui consectetur accusamus quibusdam provident. Commodi autem hic consequuntur sapiente.',1,1,0,'2018-04-28 21:29:28','2021-03-16 14:45:23'),(218,18,22,'Perspiciatis ad ullam quaerat. Rerum qui perferendis eveniet similique dolor. Voluptate neque qui eos provident labore.',0,0,NULL,'1999-05-18 01:20:21','2021-03-16 14:45:23'),(219,19,95,'Ut incidunt est quae voluptatibus repudiandae vel non. Neque neque nam aut consequatur ipsum porro consequatur. Est nulla placeat et ad quaerat.',1,0,NULL,'2011-02-19 23:10:01','2021-03-16 14:45:23'),(220,20,2,'Sed neque harum hic corrupti. Nesciunt sequi tempore tempora debitis reprehenderit. Reiciendis autem molestias magnam aperiam. Suscipit tenetur excepturi in expedita odit.',1,0,NULL,'2008-12-18 11:08:39','2021-03-16 14:45:23'),(221,21,92,'Veniam nemo optio eum dignissimos nesciunt velit. Necessitatibus et ea earum. Autem vel et iste odit eveniet aliquid molestiae. Non non voluptatem impedit quia delectus.',1,1,1,'1993-01-16 04:59:22','2021-03-16 14:45:23'),(222,22,10,'Aut aliquid dolorem atque magni id reprehenderit optio neque. Vel dolor facere earum sed atque dolores. Eum et impedit ipsam omnis voluptas itaque sunt. Libero quidem nam consequuntur quidem ut et. Quidem sed quo officiis est sed quo eaque.',0,1,1,'2013-06-17 18:59:48','2021-03-16 14:45:23'),(223,23,91,'Autem consequuntur odit sit et soluta. Tenetur doloremque rem minus vel. Rerum magni nihil porro repudiandae exercitationem ipsa exercitationem. Reiciendis in eius autem laborum.',1,1,1,'1978-03-12 18:09:11','2021-03-16 14:45:23'),(224,24,21,'Dolor voluptatem occaecati aperiam ea consequuntur quia maiores eum. Laudantium ex odit sit debitis enim ut. Saepe officiis quo aut nihil repellendus officiis rem. Velit nulla impedit iure totam officia omnis.',1,1,1,'1987-07-29 13:01:19','2021-03-16 14:45:23'),(225,25,5,'Omnis perspiciatis sit quia non sed. Ut accusamus et deserunt ullam et sunt. Sed non minus optio sed sunt eligendi.',1,0,NULL,'1986-08-21 10:28:30','2021-03-16 14:45:23'),(226,26,35,'Cumque eligendi labore dolorem accusamus quos. Tenetur labore natus maiores non eius laboriosam qui. Veritatis ratione deleniti est natus quas maiores aut. Sunt nulla soluta modi cupiditate mollitia qui eligendi et. Enim nostrum vitae accusantium officiis error.',1,0,NULL,'1975-10-22 05:49:44','2021-03-16 14:45:23'),(227,27,70,'Rerum et sed quibusdam qui minus dolores corporis. Laboriosam omnis officiis est qui quod. In suscipit laborum totam natus.',1,0,NULL,'2008-03-05 07:25:11','2021-03-16 14:45:23'),(228,28,52,'Aut molestiae et aperiam praesentium neque fuga. Est expedita voluptate non ea beatae ratione. Quae nesciunt eligendi maiores tempore. Aut iusto magnam dolorem.',0,1,1,'1996-03-07 12:18:18','2021-03-16 14:45:23'),(229,29,74,'Et modi debitis possimus. Sit nemo sed nulla dolorem. Enim quia itaque cum. Sed quisquam voluptate omnis.',0,1,0,'1990-12-17 03:58:25','2021-03-16 14:45:23'),(230,30,60,'Laudantium repudiandae numquam dolores autem deleniti sed unde quia. Voluptates delectus quod consequuntur ut ipsa distinctio praesentium. Incidunt explicabo quod et deleniti sequi dicta.',1,1,1,'1995-11-18 16:50:43','2021-03-16 14:45:23'),(231,31,78,'Sed iste et quam fugit. Quisquam quisquam ullam odio optio non optio. Repudiandae consectetur eveniet et ipsum veniam. Non omnis reprehenderit non ut dolorem impedit autem.',0,0,NULL,'1992-01-27 04:02:02','2021-03-16 14:45:23'),(232,32,44,'Itaque vero sit dolores. Nam repellendus occaecati dolorem ea deleniti. Minima sed voluptates tenetur et iure magnam earum. Expedita id soluta in molestias.',1,1,0,'2003-11-12 23:34:01','2021-03-16 14:45:23'),(233,33,5,'Autem qui non optio voluptas rem. Consectetur enim aut est rerum pariatur ea. Soluta fugit at odit voluptatum. Voluptas neque dolor beatae laborum.',0,1,1,'2001-12-15 03:28:14','2021-03-16 14:45:23'),(234,34,59,'Quis dignissimos fugiat eveniet vel non quo. Aut consequatur aspernatur nemo quia. Quisquam molestiae amet sequi est. Molestiae in cumque voluptatem voluptatibus.',1,0,NULL,'1996-12-23 10:58:58','2021-03-16 14:45:23'),(235,35,36,'Sit earum pariatur adipisci natus beatae quia. Dolorem itaque dolores aut ut. Amet excepturi qui nobis et quasi.',1,1,1,'1991-07-01 03:08:27','2021-03-16 14:45:23'),(236,36,74,'Aspernatur ipsam id hic atque repellendus inventore eum. Unde sed ad recusandae aut ipsa qui. Quae iure minus enim blanditiis cum labore atque.',0,1,0,'1994-10-04 15:26:32','2021-03-16 14:45:23'),(237,37,64,'Dolor dolor veniam quia sint. Dolores voluptatibus ut tempora. Dolor minus hic ut eum error. Impedit sit vitae veniam harum.',1,0,NULL,'2009-12-04 18:50:16','2021-03-16 14:45:23'),(238,38,68,'Ab et voluptatem veniam amet ex. Assumenda dolor harum laboriosam officia qui. Est maxime aspernatur vitae dolorum ea. Fugit esse rem ut tenetur.',0,1,0,'2016-11-30 00:52:33','2021-03-16 14:45:23'),(239,39,3,'Nulla est dolorem soluta labore ut. Excepturi maxime blanditiis ut error ea illum soluta. Autem et at qui provident. Dolor consectetur nesciunt hic doloribus esse voluptatum consectetur et.',1,1,0,'2017-03-08 10:04:10','2021-03-16 14:45:23'),(240,40,63,'Cupiditate quis in provident quae rerum. Dolores officiis exercitationem minima accusantium eos et asperiores. Error ea laborum consequuntur cumque sunt.',0,1,1,'2004-05-25 03:13:23','2021-03-16 14:45:23'),(241,41,57,'Tempore est excepturi maiores voluptas in aut qui. Illo provident doloribus non fugit corrupti similique. Ipsum sit voluptas harum iste tenetur dolorum.',1,1,1,'1972-08-13 07:20:06','2021-03-16 14:45:23'),(242,42,57,'Deserunt impedit minima blanditiis. Consequuntur enim nulla quo qui ut sequi. Totam est distinctio sed eum et.',1,1,0,'2012-07-31 10:38:12','2021-03-16 14:45:23'),(243,43,68,'Totam id ab temporibus voluptate ipsa recusandae voluptatum omnis. Aut sit cumque id et qui culpa cupiditate. Quod necessitatibus dolorem beatae labore. Qui ut voluptatum aut accusamus officia possimus sapiente.',0,1,0,'1987-11-30 05:44:32','2021-03-16 14:45:23'),(244,44,3,'Ex ex dolorum explicabo asperiores et excepturi velit. Occaecati blanditiis asperiores ut voluptatibus voluptate magni. Eum inventore non veniam sunt.',1,0,NULL,'1996-09-14 10:10:01','2021-03-16 14:45:23'),(245,45,68,'Illo voluptas reiciendis pariatur blanditiis quia. Voluptas est assumenda aut doloremque. Ad facilis vel voluptatem fuga perspiciatis voluptatibus eum.',1,1,1,'2003-11-10 20:23:28','2021-03-16 14:45:23'),(246,46,44,'Labore quia enim voluptatum sunt voluptates adipisci. Omnis nam modi non ad omnis ut est.',1,0,NULL,'1974-01-12 09:12:22','2021-03-16 14:45:23'),(247,47,84,'Qui voluptatem quidem pariatur dolor. Itaque quas explicabo facere sunt et. Est saepe numquam fugiat laudantium iusto.',0,0,NULL,'2003-08-01 01:29:17','2021-03-16 14:45:23'),(248,48,54,'Laudantium quia quaerat aut ut. Ea ex eaque consectetur aut debitis. Et et rem quia autem ipsa aut cumque. Ea deserunt velit facilis eius atque.',0,0,NULL,'2020-07-31 21:02:15','2021-03-16 14:45:23'),(249,49,57,'Quo reprehenderit illo et aut veniam voluptatem. Culpa modi ullam neque placeat molestiae eveniet. Molestiae quia quia magni. Ex ea esse minus odit.',1,1,1,'1983-09-19 10:09:11','2021-03-16 14:45:23'),(250,50,83,'Quos deleniti ut dicta omnis voluptates. Rerum et animi atque aliquid praesentium. Aut ipsum sed aut qui qui nesciunt est cupiditate.',1,0,NULL,'1974-10-01 11:39:30','2021-03-16 14:45:23'),(251,51,82,'Molestias ullam enim consequuntur totam. Nam vel tenetur consectetur laborum quod. Odit ut eos ab quasi voluptatum eos. Vero quia earum facilis.',1,0,NULL,'2004-09-09 02:24:06','2021-03-16 14:45:23'),(252,52,11,'Vel assumenda error animi laboriosam deserunt. Adipisci nisi quia repellendus placeat distinctio voluptatem quo. Itaque autem ea quidem minus quasi totam.',0,1,0,'1995-03-08 22:13:54','2021-03-16 14:45:23'),(253,53,95,'Eveniet velit placeat aut reiciendis eos qui est sit. Provident porro hic aspernatur accusantium alias ea et. Aspernatur illum qui earum libero beatae illum beatae aut. Vero praesentium qui necessitatibus sit eos.',1,0,NULL,'1971-07-02 05:14:06','2021-03-16 14:45:23'),(254,54,16,'Et reprehenderit quisquam quas necessitatibus. Iusto nobis mollitia fuga illum quod. Commodi dolorem explicabo suscipit unde neque.',0,0,NULL,'2008-09-13 18:37:31','2021-03-16 14:45:23'),(255,55,52,'Laborum minus sed odio libero. Dolore odio corporis sed libero aut laboriosam. Expedita quidem et et maiores.',1,1,0,'1977-10-03 01:25:36','2021-03-16 14:45:23'),(256,56,91,'Totam sed sint neque hic reiciendis omnis temporibus vel. Aut nam nam nisi vel excepturi eum. Optio id dolorem illum maiores a ullam quae voluptatem. Nihil officia sint delectus.',1,0,NULL,'1971-08-01 08:52:03','2021-03-16 14:45:23'),(257,57,97,'Aut dolor et dolor possimus sint modi expedita. Excepturi quae alias et dicta. Asperiores cum delectus qui numquam impedit repudiandae est.',1,1,0,'1987-05-14 17:27:17','2021-03-16 14:45:23'),(258,58,43,'Et aut facilis numquam et veritatis quia. Deserunt occaecati velit asperiores ut veniam rerum eum distinctio. Accusamus placeat ea voluptas laboriosam nisi. Quis perferendis libero perspiciatis.',0,0,NULL,'2007-03-28 06:56:28','2021-03-16 14:45:23'),(259,59,70,'Repellat ipsum quia quia alias. Deserunt deserunt error impedit sed eaque nobis repellendus. Qui ea voluptatum nihil corporis est sunt ut dolor.',0,1,1,'1976-09-12 05:37:16','2021-03-16 14:45:23'),(260,60,1,'Incidunt temporibus qui id earum minima quasi. Et est perspiciatis nam consequuntur aspernatur quia et. Ex quia unde et architecto earum. Eius quidem similique quia quasi.',1,0,NULL,'2005-08-11 10:59:15','2021-03-16 14:45:23'),(261,61,23,'Et praesentium temporibus corporis non sint sed. Quia rem placeat quaerat consequatur ipsum laboriosam.',1,1,1,'1995-09-08 01:59:14','2021-03-16 14:45:23'),(262,62,28,'Explicabo ad est fugit ut aperiam asperiores. Qui natus impedit nostrum cupiditate eveniet adipisci. Impedit voluptatem voluptatem hic veritatis praesentium ex. Eos pariatur sunt ipsam molestiae quis dolore.',1,0,NULL,'1989-09-11 11:41:51','2021-03-16 14:45:23'),(263,63,89,'Assumenda quo nam quod. Omnis et et quo voluptatibus ex similique. Ut nesciunt et impedit.',0,1,0,'1986-07-22 12:42:53','2021-03-16 14:45:23'),(264,64,8,'Debitis nam et dolor qui quaerat incidunt. Et non et dolor est iusto. Qui fugit inventore expedita accusamus nihil aliquid ipsam rerum.',0,1,1,'1993-10-20 18:29:26','2021-03-16 14:45:23'),(265,65,26,'Odit qui sit consequatur tempore. Aut vero fuga fugit dolorem quod eos. Iusto porro rerum quidem sit corporis cum quisquam.',0,0,NULL,'1976-11-23 06:10:04','2021-03-16 14:45:23'),(266,66,6,'Optio laudantium quia a harum id omnis. Laborum at ex architecto repellat illo aliquid voluptatem consequatur. Libero consequatur perspiciatis totam debitis maiores.',1,1,1,'1990-07-30 07:45:16','2021-03-16 14:45:23'),(267,67,84,'Impedit suscipit officiis perferendis quis quasi suscipit eligendi. Deserunt eos beatae aliquid qui similique aut autem.',0,1,1,'2003-10-24 16:23:10','2021-03-16 14:45:23'),(268,68,87,'Laborum dicta tenetur necessitatibus ut a autem. Voluptatem harum laboriosam quia temporibus reprehenderit ut itaque. Enim deserunt vel aperiam optio asperiores eligendi voluptate.',0,1,0,'1981-06-08 09:22:58','2021-03-16 14:45:23'),(269,69,24,'Dicta pariatur ut repellat sit voluptatem voluptas reiciendis. Numquam sed soluta vero laborum. Quidem soluta ducimus ut sit veritatis voluptas et.',1,0,NULL,'2003-07-18 02:21:38','2021-03-16 14:45:23'),(270,70,84,'Est est suscipit nulla molestiae. Cumque voluptatem ut minima nihil nisi accusantium fugiat. Beatae eveniet et est accusamus tenetur. Rerum veritatis voluptatum dolor nihil eum consectetur.',0,1,0,'2018-09-03 02:07:32','2021-03-16 14:45:23'),(271,71,19,'Omnis qui et voluptatibus est aut quis eum. Consequatur voluptatum dolorem expedita hic assumenda cupiditate in.',1,0,NULL,'2002-11-07 11:28:36','2021-03-16 14:45:23'),(272,72,94,'Vero odit beatae consequuntur ad sunt autem itaque. Perferendis dolore labore doloremque quae sed iusto illo.',0,0,NULL,'1988-10-02 08:28:56','2021-03-16 14:45:23'),(273,73,11,'In dolorem repellendus labore temporibus culpa rem. Vitae occaecati impedit ad nobis repudiandae ea. Quisquam consequuntur dolorum vero voluptas vel labore mollitia rem. Quod aliquid dolor esse animi.',1,0,NULL,'2002-01-01 11:17:08','2021-03-16 14:45:23'),(274,74,62,'Explicabo nisi reiciendis occaecati est aut. In pariatur ullam animi libero vero. Maxime veniam iste nesciunt quod cumque dolorem. Ut exercitationem sequi maxime aut consequatur quidem.',1,1,1,'1998-11-15 00:27:41','2021-03-16 14:45:23'),(275,75,8,'Eligendi dicta quia quis tempore. Ut voluptas architecto quam. Officiis modi eum est aut omnis quasi quos. Eos laboriosam est occaecati illo.',0,1,1,'1980-06-11 14:49:06','2021-03-16 14:45:23'),(276,76,6,'Dignissimos odio ea facere porro. Incidunt vero laudantium veniam maxime aut saepe.',1,0,NULL,'1987-07-06 06:42:22','2021-03-16 14:45:23'),(277,77,14,'Officiis optio alias quo in est. Minima porro aspernatur architecto velit vero ut placeat. Quibusdam et ipsam voluptatem. Quam ullam delectus aut deleniti eligendi.',0,1,1,'1984-10-19 07:13:34','2021-03-16 14:45:23'),(278,78,30,'Eveniet et commodi et consectetur debitis placeat sunt. Ut molestias et ut culpa voluptas atque. Esse sunt aut blanditiis in.',0,0,NULL,'2004-08-14 23:18:12','2021-03-16 14:45:23'),(279,79,62,'Facere modi placeat corporis recusandae voluptatum. Eligendi occaecati maiores nam saepe perspiciatis voluptatem repudiandae voluptate. Molestias laborum in itaque deleniti impedit.',1,0,NULL,'1972-05-04 03:10:24','2021-03-16 14:45:23'),(280,80,66,'Atque vero dignissimos modi qui esse impedit. Quisquam quis vitae autem error et atque. Quas et non ad eum libero dignissimos. Odio minima corporis temporibus quia id qui voluptas. Minima ab deserunt et laborum.',0,1,0,'2000-11-05 02:04:52','2021-03-16 14:45:23'),(281,81,24,'Aut quia temporibus cum porro occaecati. Odit ipsa quia deleniti suscipit.',0,1,1,'1991-05-15 13:03:46','2021-03-16 14:45:23'),(282,82,85,'Non nisi quas dolorum rem sed. Ea veniam animi non tempore sint. Tenetur fugit suscipit commodi autem. Est atque rerum impedit perspiciatis ex. Perspiciatis libero aperiam sunt maxime.',0,1,1,'1995-05-11 12:11:52','2021-03-16 14:45:23'),(283,83,27,'Quia esse vero est aut. Voluptatem minus distinctio non est aut. Sequi quod voluptatum qui minima. Dolore expedita incidunt molestiae a error.',1,0,NULL,'1976-11-28 17:37:12','2021-03-16 14:45:23'),(284,84,30,'Mollitia id ut consectetur. Ex consequatur alias facilis reiciendis animi perferendis quaerat. Placeat fugit officiis laudantium expedita doloremque omnis aut. Laborum non aut quo.',1,0,NULL,'1971-08-09 16:46:15','2021-03-16 14:45:23'),(285,85,89,'Eius veniam aliquid quis sunt eius rerum. Voluptatem odio nisi odio eveniet deserunt ab ut et. Ut laudantium beatae ex et similique voluptatem perferendis illum.',0,1,0,'2018-11-20 19:26:42','2021-03-16 14:45:23'),(286,86,31,'Aut animi laborum est et sunt enim nesciunt. Ducimus dolore sint sunt et. Asperiores eos magni saepe asperiores tempora error. Nostrum placeat tenetur voluptatum possimus facere fugit quis.',0,0,NULL,'1997-08-08 16:22:33','2021-03-16 14:45:23'),(287,87,66,'Eos qui alias exercitationem est molestiae ab sit. Beatae pariatur earum ut. Quaerat qui voluptas ullam rem eaque repellendus.',1,0,NULL,'1978-06-27 22:45:06','2021-03-16 14:45:23'),(288,88,55,'Expedita facilis laudantium ut explicabo quas officiis. Qui quis in consequuntur laboriosam enim.',0,0,NULL,'2005-12-01 18:20:34','2021-03-16 14:45:23'),(289,89,73,'Iure dolorem impedit temporibus quidem voluptates ipsam modi. Blanditiis fugit commodi ea.',1,1,0,'1998-07-19 03:28:06','2021-03-16 14:45:23'),(290,90,97,'Sed quaerat excepturi iure sed ut inventore. Excepturi alias culpa aut dolores ut voluptatibus. Corrupti voluptas aut quo incidunt voluptates voluptatem. Minima eos molestiae autem non.',1,0,NULL,'1985-02-19 02:42:06','2021-03-16 14:45:23'),(291,91,45,'Qui est non impedit vero quos suscipit. Facilis provident quo eaque hic voluptatem sed ut enim. Sint qui natus quia qui.',1,0,NULL,'1979-01-15 02:56:43','2021-03-16 14:45:23'),(292,92,96,'A illum natus ut nihil. Quod enim consequatur sunt autem facilis. Quasi facilis rerum tempora reiciendis possimus saepe neque. Voluptatem est saepe sapiente. Minus occaecati et rerum mollitia voluptas reprehenderit.',0,0,NULL,'2007-05-13 08:02:11','2021-03-16 14:45:23'),(293,93,37,'Expedita totam nulla sit rerum. Ipsa aut qui quaerat doloremque dignissimos eveniet vel. Rerum amet officiis accusamus.',1,1,0,'1996-11-08 15:47:18','2021-03-16 14:45:23'),(294,94,30,'Porro eaque id blanditiis omnis debitis sed. Alias et labore et.',1,1,0,'1994-01-28 08:16:42','2021-03-16 14:45:23'),(295,95,43,'Dolorem et dicta et quisquam odio. Consectetur ut quia magni voluptas provident exercitationem alias. Aut necessitatibus qui natus et libero. Ut assumenda doloremque id et quo ad harum.',1,0,NULL,'2002-12-14 17:27:35','2021-03-16 14:45:23'),(296,96,18,'Vel reiciendis eveniet accusamus provident. Qui et in dolorum nisi. Consequuntur est ea quia odio magni aperiam ab.',0,1,0,'1985-11-19 05:16:30','2021-03-16 14:45:23'),(297,97,51,'Veritatis accusantium aut quos sint unde. Perferendis hic necessitatibus ut nihil autem. Voluptate ipsum et accusantium aut qui inventore dolorum.',1,1,1,'1979-10-21 10:50:37','2021-03-16 14:45:23'),(298,98,27,'Placeat fuga omnis quisquam voluptate totam. Reiciendis voluptatem qui vel adipisci dicta aut esse. Asperiores fugit et magnam similique aut. Quia est eos repellat explicabo incidunt. Illum unde optio qui quae.',0,1,0,'2016-02-16 10:37:47','2021-03-16 14:45:23'),(299,99,76,'Tempora consectetur repellendus reprehenderit aliquam. Libero eum perspiciatis voluptas aspernatur ea modi illo. Esse quaerat saepe saepe fuga voluptate hic. Perspiciatis molestiae laborum ad aperiam quae. Odit ab aut dolor saepe error maxime.',1,0,NULL,'2016-09-02 02:36:40','2021-03-16 14:45:23'),(300,100,65,'Beatae beatae dignissimos corporis fuga pariatur voluptas. Modi consequatur repudiandae ducimus. Nesciunt quia assumenda similique deserunt aut et nulla. Mollitia tempora eum vel id deleniti eveniet.',0,1,0,'2004-03-19 08:21:16','2021-03-16 14:45:23'),(301,1,51,'Molestiae omnis saepe dolores quidem sit. Et fuga commodi eum facere nihil. Ex sunt laborum hic unde molestiae omnis quidem. Exercitationem dignissimos corrupti inventore tenetur facilis sed quis.',1,0,NULL,'2009-12-28 05:14:52','2021-03-16 14:45:23'),(302,2,4,'Sit sit eos incidunt nesciunt. Sit similique et labore sequi illum veritatis. Sapiente harum vel odio et velit quia.',1,1,0,'1989-11-10 23:02:31','2021-03-16 14:45:23'),(303,3,69,'Corrupti voluptas optio earum iusto ipsa modi nobis. Hic voluptas voluptatem et aspernatur molestiae. Aliquid mollitia sint quo consequuntur. Molestiae hic natus est commodi nostrum.',1,1,0,'2004-05-09 01:09:30','2021-03-16 14:45:23'),(304,4,10,'Necessitatibus dolorum ut et sunt omnis commodi aspernatur. Provident qui eos et a omnis vitae. Rerum distinctio ut et consequatur repudiandae. Voluptatem sed officiis cum voluptatem maxime qui.',0,1,1,'1970-08-18 04:01:34','2021-03-16 14:45:23'),(305,5,23,'Voluptates dolor eos recusandae maiores ex. Corrupti alias necessitatibus quis adipisci reiciendis quaerat eveniet et.',1,0,NULL,'2004-12-01 21:11:48','2021-03-16 14:45:23'),(306,6,49,'Unde facere laboriosam minus laborum qui libero in. Culpa iusto accusamus ut deserunt.',1,0,NULL,'1988-03-12 09:18:15','2021-03-16 14:45:23'),(307,7,78,'Et quaerat perspiciatis et corporis temporibus. Saepe nam aut voluptatem alias nihil cum eum. Non odio perspiciatis ab perferendis sit alias. Cupiditate voluptatem necessitatibus nihil dignissimos autem a fugit.',0,0,NULL,'2001-10-13 10:48:22','2021-03-16 14:45:23'),(308,8,35,'Placeat facilis ipsa natus est sit ea. Ullam ut vel dolor tempore dicta beatae ipsum. Totam enim et hic voluptatem explicabo nobis. Excepturi dolorum quas nisi ut fugiat omnis aperiam.',1,1,0,'1985-04-29 06:09:15','2021-03-16 14:45:23'),(309,9,71,'A possimus libero reiciendis consequatur praesentium ipsum. Autem possimus excepturi mollitia reprehenderit ipsam velit. Qui impedit et hic tenetur aut sed.',0,1,0,'1995-09-13 22:29:45','2021-03-16 14:45:23'),(310,10,79,'Temporibus eveniet omnis ex qui qui id esse. Magnam enim id fugit praesentium et. Ratione et exercitationem qui ex unde quos quia. At iusto voluptas sed rerum aliquid saepe.',0,1,0,'1994-03-27 15:51:30','2021-03-16 14:45:23'),(311,11,91,'Iusto delectus officia libero sunt. Velit et voluptates dolor. Est temporibus iure provident et ad. Earum eos voluptatem ducimus rerum beatae consequatur.',1,1,0,'2020-07-14 09:01:25','2021-03-16 14:45:23'),(312,12,35,'Debitis natus dolores labore unde quis quo ut. Deleniti nostrum dolorum ea cumque nobis. Voluptas veniam illum enim. Et eos omnis numquam ipsam et. Recusandae facere reprehenderit at et dolorem delectus.',0,1,1,'2000-03-02 19:51:53','2021-03-16 14:45:23'),(313,13,56,'Molestiae ratione earum modi exercitationem quod. Voluptatem cupiditate aut id ipsa harum. Cumque ipsum est possimus quia ea porro. Alias rerum dicta quo harum.',0,0,NULL,'2017-01-04 23:02:19','2021-03-16 14:45:23'),(314,14,32,'Ex ea repudiandae dolores incidunt quaerat consectetur nemo. Corrupti dolor nulla aspernatur aperiam reiciendis laborum maxime. Quis sed deserunt reprehenderit nobis.',0,0,NULL,'1991-03-20 18:11:55','2021-03-16 14:45:23'),(315,15,66,'Omnis quis adipisci ad. Aut dolorem minima consectetur iste vero ut rem cumque. Consequatur et et accusamus ducimus. Qui aut ut fugit et illum eveniet.',1,1,0,'2004-08-27 19:17:29','2021-03-16 14:45:23'),(316,16,50,'Qui iusto deleniti qui in minus dolore expedita veniam. Enim id reiciendis in a cumque harum. Sunt est et velit beatae quis perferendis.',1,1,0,'1982-12-30 09:37:19','2021-03-16 14:45:23'),(317,17,89,'Quis sit neque molestiae ab. Qui modi consequatur qui omnis. Hic est deserunt maxime nihil sit repellat rerum. Consequatur quia quo dicta assumenda.',0,1,0,'2001-03-20 09:21:15','2021-03-16 14:45:23'),(318,18,33,'Veniam sed maxime consectetur aut rerum. Ex minus vel eligendi quaerat enim et. Quia facilis doloribus possimus iure ipsa recusandae. Expedita dolor consequatur neque nisi et perferendis repellat.',1,1,0,'2008-09-08 03:36:38','2021-03-16 14:45:23'),(319,19,23,'Laudantium possimus quae totam hic. Dolorem porro omnis ex quos. Labore sequi debitis in.',0,0,NULL,'1978-05-21 08:28:28','2021-03-16 14:45:23'),(320,20,21,'Est ad accusamus quod tenetur. Numquam et culpa consequuntur esse enim corrupti sit. Eum id perferendis ab et voluptas aut. Sed rerum architecto natus molestiae unde.',0,1,1,'1980-11-17 05:08:26','2021-03-16 14:45:23'),(321,21,3,'Minima sed voluptates id dolor enim reiciendis. Illum omnis quod qui suscipit et iste eaque. Accusantium et velit et molestias animi nobis corporis.',0,1,1,'2002-06-21 17:40:41','2021-03-16 14:45:23'),(322,22,2,'Quo quae illo possimus itaque repudiandae nesciunt temporibus. Odio voluptas asperiores non eum. Porro natus reiciendis ut aliquid.',1,0,NULL,'1998-09-23 09:58:33','2021-03-16 14:45:23'),(323,23,27,'Quis quo dignissimos aperiam culpa itaque doloribus quam dolore. Deleniti quo eaque minima possimus quia. In iusto qui repudiandae voluptatem neque ullam voluptatem.',1,0,NULL,'2000-08-02 14:11:14','2021-03-16 14:45:23'),(324,24,73,'Voluptatem aliquid omnis labore blanditiis. Corrupti dolorum optio in autem vel ut. Eius est pariatur assumenda.',1,1,0,'1997-04-04 13:00:54','2021-03-16 14:45:23'),(325,25,57,'At odio eum dolor delectus corporis veritatis. Illo id doloribus voluptas deserunt sint. Laudantium earum quae aperiam voluptatem.',0,1,1,'2015-06-15 01:46:02','2021-03-16 14:45:23'),(326,26,82,'Aliquam et ducimus dolorem libero. Fugit est voluptas non omnis iste. Rem explicabo mollitia et ut. Dolorem et incidunt quis dolore dolorum repellat. Natus ea nulla velit nobis.',1,1,0,'1990-08-16 19:44:31','2021-03-16 14:45:23'),(327,27,99,'Quis voluptatum et voluptas animi. Illo aut ipsam provident. Ullam adipisci nesciunt reprehenderit cupiditate. Aut explicabo dolorem nesciunt ducimus.',0,1,0,'2006-10-06 23:44:40','2021-03-16 14:45:23'),(328,28,43,'Aut accusamus veniam facilis iusto. Aut accusamus qui suscipit architecto laudantium velit saepe. Eos voluptatibus sit voluptatem excepturi ut. Minima est repellat voluptate illum.',0,0,NULL,'2000-06-28 20:55:25','2021-03-16 14:45:23'),(329,29,75,'Sed id labore possimus ex eius quaerat qui. Voluptatum molestiae molestiae repudiandae nostrum quo est. Cumque pariatur harum rerum in.',0,1,0,'2008-11-19 01:04:39','2021-03-16 14:45:23'),(330,30,2,'Debitis voluptatem quasi suscipit amet culpa vel. Voluptas nesciunt recusandae unde harum. Et eveniet omnis beatae dolorum. Adipisci quia corporis dicta optio dolorem magnam laborum.',1,1,1,'1978-04-02 09:00:37','2021-03-16 14:45:23'),(331,31,97,'Excepturi aut commodi ex ea magnam molestias laboriosam. Tempora aut ut dicta sit est perspiciatis omnis enim. Molestiae aut et ut ea ex.',0,1,0,'1983-06-24 22:51:52','2021-03-16 14:45:23'),(332,32,25,'Non expedita et totam ducimus et. Ut aut consequatur et et provident distinctio quis. Minima eaque alias quod. Praesentium quo sit iure voluptatem impedit cum eum.',1,0,NULL,'1987-09-19 15:23:06','2021-03-16 14:45:23'),(333,33,78,'Consectetur ea velit illum commodi omnis est et dignissimos. Dolor nobis quisquam tenetur architecto. Sed excepturi debitis tempore fugiat et tempore. Inventore voluptatem nemo vero. Autem animi pariatur nulla ut sint impedit consequatur ex.',1,0,NULL,'1974-05-30 17:10:49','2021-03-16 14:45:23'),(334,34,49,'Culpa alias natus ab aut recusandae est earum. Ipsa aliquam dolorem dolorum ut ut eveniet nobis. Sapiente dolor architecto quasi facere. Et aut et nihil.',0,0,NULL,'1987-10-26 18:49:12','2021-03-16 14:45:23'),(335,35,72,'Corrupti enim voluptatem enim. Temporibus aut expedita voluptatem voluptatem facilis et. Aperiam aut reiciendis vitae iusto.',1,0,NULL,'1991-04-28 10:29:47','2021-03-16 14:45:23'),(336,36,61,'Voluptatem et nihil vitae placeat et. Quod nulla molestiae neque atque. Quia aut perferendis quisquam et voluptas. Ut repudiandae distinctio vitae quia autem.',0,1,0,'1990-12-16 18:44:09','2021-03-16 14:45:23'),(337,37,10,'Exercitationem quia vitae beatae consequatur et ut ea. Facere molestiae voluptatem ratione consectetur non libero. Odio unde facere expedita placeat aut quidem.',0,1,0,'1987-03-07 12:03:22','2021-03-16 14:45:23'),(338,38,69,'Quaerat dicta id et beatae sit veritatis incidunt. Atque eum ad vel debitis facere. Minima assumenda recusandae et labore. Nulla dolorem sit beatae rerum.',1,0,NULL,'1984-12-30 00:59:07','2021-03-16 14:45:23'),(339,39,57,'Eum ipsam maxime qui ab vitae error in. Vitae iste sed adipisci explicabo quo minima. Ducimus eum fuga culpa dignissimos.',0,0,NULL,'2010-08-04 01:07:32','2021-03-16 14:45:23'),(340,40,22,'Doloremque consequuntur consequatur at tempore natus maiores. Eligendi numquam libero quis non et. Dignissimos est ad ab error sed omnis voluptas commodi. Voluptas itaque aut sequi sit est quia ratione enim.',0,0,NULL,'1995-07-16 13:03:58','2021-03-16 14:45:23'),(341,41,94,'Laborum voluptates voluptas dolore delectus. Odio nam culpa esse laudantium numquam consequatur et dolor. Sint est sit placeat ut.',1,1,1,'1984-11-07 07:56:41','2021-03-16 14:45:23'),(342,42,56,'Officiis sint inventore mollitia nam. Iusto quis aperiam quidem fuga sit eos. Enim earum quae tempora voluptas.',0,0,NULL,'2015-07-26 00:27:06','2021-03-16 14:45:23'),(343,43,35,'Autem quo maiores aliquam vel veniam voluptate. Autem sed consequatur consectetur dolores. Necessitatibus natus repellendus qui.',1,1,1,'2003-06-16 13:34:56','2021-03-16 14:45:23'),(344,44,19,'Quos voluptas at eius quod aut dolorem ad ratione. Unde debitis sed dolores ratione. Dolorum pariatur aut porro sed quo assumenda eveniet.',0,1,1,'1996-12-22 01:06:44','2021-03-16 14:45:23'),(345,45,60,'Molestias quia iusto alias dolor. Autem laudantium est voluptatem pariatur non non. Optio quos dolorem a voluptatem natus est suscipit. Sint in placeat qui.',0,0,NULL,'2019-01-14 15:05:26','2021-03-16 14:45:23'),(346,46,81,'Veniam veniam quam pariatur nobis tenetur ullam. Hic ratione enim distinctio eum perspiciatis consequatur autem nobis. Quod consequatur cumque fugit quo soluta excepturi iste.',0,0,NULL,'2014-01-27 19:44:05','2021-03-16 14:45:23'),(347,47,86,'Dolorem fugiat saepe asperiores dicta voluptatum voluptas. Voluptatibus commodi cupiditate vitae ipsa eos fuga cupiditate. Enim numquam dolor sed architecto.',0,1,0,'1998-09-18 21:32:56','2021-03-16 14:45:23'),(348,48,55,'Quae ut voluptas qui enim omnis. Voluptas quibusdam eveniet velit sed explicabo. Eos a corrupti nesciunt.',0,1,0,'1972-04-01 14:21:36','2021-03-16 14:45:23'),(349,49,13,'Non qui ratione eveniet iste. Odit ut incidunt laudantium et. Molestiae est rerum porro labore unde. Officiis deleniti dolor eos nemo facere.',1,1,1,'1981-07-16 01:41:59','2021-03-16 14:45:23'),(350,50,47,'Doloremque omnis deserunt dignissimos est minima voluptatibus. Ea recusandae sunt culpa asperiores et veritatis. Beatae labore iure ut autem. Natus sed commodi voluptas quia omnis.',1,1,0,'2016-08-14 09:58:44','2021-03-16 14:45:23'),(351,51,74,'Aliquid libero eos commodi nihil corporis delectus et. Similique omnis porro maxime adipisci aut. Consectetur minus et at fugiat quis tenetur consequatur.',1,1,1,'1993-05-13 09:15:54','2021-03-16 14:45:23'),(352,52,56,'Dicta earum distinctio voluptates aliquam et. Mollitia quaerat inventore et laboriosam voluptas voluptatem. Beatae aliquid dolores magni. Rem fugiat facilis impedit aut.',1,1,0,'2015-04-14 12:13:35','2021-03-16 14:45:23'),(353,53,69,'Voluptatem explicabo adipisci quasi. Fugit eius optio doloribus unde. Occaecati et eos ad id.',1,0,NULL,'1990-05-29 06:01:35','2021-03-16 14:45:23'),(354,54,63,'Dignissimos qui omnis explicabo odit porro iure. Ut consectetur quos aperiam deserunt nam possimus laborum. Dolorum et eos blanditiis eum fugiat corporis numquam.',0,0,NULL,'2017-03-01 21:04:37','2021-03-16 14:45:23'),(355,55,33,'Perspiciatis laborum dolores ut qui sed aut. Quis quos nisi animi et. Quibusdam non modi reprehenderit sit reprehenderit rem dolor. Natus odit officia architecto qui minus soluta. Dolores non distinctio et.',0,1,1,'1970-03-24 06:08:01','2021-03-16 14:45:23'),(356,56,69,'Recusandae aut et dicta et. Et quis esse repellat consequuntur nam dolore. Atque earum quos ipsum consectetur non.',0,1,0,'1975-01-11 07:50:20','2021-03-16 14:45:23'),(357,57,52,'Possimus molestias maiores quam itaque. Excepturi itaque sed et quis optio consequatur veritatis. Repudiandae voluptatem fugiat odit quia consequuntur velit.',1,1,0,'2008-01-11 18:55:09','2021-03-16 14:45:23'),(358,58,85,'Incidunt autem consequatur voluptas. Non molestiae architecto aut omnis saepe facere omnis. Quod odio autem ut necessitatibus vel voluptas. Beatae sint at nobis et corporis quo suscipit nulla.',1,0,NULL,'2009-09-21 01:52:08','2021-03-16 14:45:23'),(359,59,93,'Velit explicabo cupiditate delectus expedita voluptatem occaecati voluptate libero. Et doloremque temporibus sit voluptas quam.',1,1,0,'2008-02-04 21:15:12','2021-03-16 14:45:23'),(360,60,16,'Iure quia sed quae perferendis molestias nisi repudiandae nisi. Velit voluptatibus veritatis non perspiciatis est asperiores. Molestiae ipsam molestias repellat culpa vero odit quidem. Totam alias natus error totam.',0,1,1,'1975-09-10 06:05:22','2021-03-16 14:45:23'),(361,61,26,'Doloremque non atque repellat ducimus cupiditate sed. Ullam sit assumenda aut voluptas exercitationem a facere sit. Necessitatibus qui doloremque delectus non magni. Quibusdam quod et sequi et non delectus.',0,1,0,'2000-12-24 02:33:26','2021-03-16 14:45:23'),(362,62,51,'Possimus magnam vero laboriosam. Aut et exercitationem assumenda iure animi quis suscipit. Qui rerum ad praesentium et. Est non sed impedit.',1,0,NULL,'1996-08-25 23:54:47','2021-03-16 14:45:23'),(363,63,56,'Odit ea optio et molestiae voluptate. Minima numquam ut rerum fugiat et quasi. Tenetur nisi earum alias.',1,1,1,'1972-10-06 19:40:37','2021-03-16 14:45:23'),(364,64,32,'Ut optio sunt est odio nostrum. Temporibus necessitatibus consequuntur magnam itaque quo officia veniam ullam. Provident voluptas blanditiis provident illum voluptatem. Voluptas quo iste porro culpa quis aliquam in ut.',0,0,NULL,'2005-09-15 09:37:26','2021-03-16 14:45:23'),(365,65,76,'Voluptatum aliquid quo nesciunt facilis qui laudantium. Aliquid consequatur omnis possimus deleniti quae debitis. Enim soluta consequatur dolorum.',1,1,0,'2008-01-02 22:46:03','2021-03-16 14:45:23'),(366,66,86,'Ea voluptatum ut exercitationem. Totam perferendis id adipisci rerum sed voluptatem. Saepe eos fugit quia et autem velit dolor. Consequatur quam blanditiis officia ut.',1,1,1,'1978-03-02 21:05:25','2021-03-16 14:45:23'),(367,67,97,'Autem autem eius molestiae magnam eos nobis doloremque hic. Sed voluptatibus voluptas nisi aliquam. Quis quo quibusdam iure et. Rerum totam sed labore rerum molestiae rerum. Hic voluptatem totam unde repellat facilis.',0,1,0,'1979-07-16 03:56:31','2021-03-16 14:45:23'),(368,68,37,'Non perspiciatis sed autem suscipit repudiandae repudiandae. Sit corrupti et fugit odit pariatur aut. Dignissimos adipisci suscipit dolore eveniet natus. Autem odio molestias consequatur sunt quibusdam.',1,1,1,'1991-12-22 07:07:19','2021-03-16 14:45:23'),(369,69,15,'Magnam earum quisquam libero tenetur. At porro possimus dolorem illum labore commodi fuga. Consequatur ducimus est facere odit perspiciatis ea qui. Molestiae est dolor mollitia dolores.',0,1,0,'2005-12-12 17:42:02','2021-03-16 14:45:23'),(370,70,22,'Earum sit modi corrupti eveniet. Et ut porro ea provident non perferendis sunt. Beatae maiores in laudantium totam aut autem.',0,0,NULL,'2008-05-03 02:28:13','2021-03-16 14:45:23'),(371,71,79,'Magni non quod natus harum cumque dolorum. Quis expedita harum ut.',1,0,NULL,'2010-11-22 21:06:31','2021-03-16 14:45:23'),(372,72,86,'A aut vitae voluptas perferendis autem veritatis sunt. Voluptates suscipit cupiditate eveniet repellat inventore omnis. Quia nulla voluptas vitae enim enim facilis. Quidem corrupti autem error aut molestias.',1,1,0,'2019-12-13 06:47:47','2021-03-16 14:45:23'),(373,73,92,'Modi voluptate est quas omnis in. Odio voluptate quo illo qui sed. Neque voluptatem inventore minima sit nesciunt et possimus. Neque doloremque voluptas autem et aut.',1,1,0,'1990-06-02 05:17:11','2021-03-16 14:45:23'),(374,74,84,'Et incidunt molestias aut corporis rerum consequatur rerum sequi. Et nobis id aut nihil quisquam tempore aut. Assumenda blanditiis explicabo eius molestias repudiandae doloremque. Consectetur optio aut qui aut modi. A reprehenderit expedita nihil.',0,1,1,'2018-12-17 04:05:31','2021-03-16 14:45:23'),(375,75,27,'Harum qui quas mollitia sit enim et. Mollitia et et vero nemo. Architecto beatae porro optio explicabo est aliquam earum iste. Labore velit iste harum quasi totam est et minus.',1,0,NULL,'1984-11-13 08:49:06','2021-03-16 14:45:23'),(376,76,92,'Commodi architecto sint odio est rem sunt ut. Laborum et sunt similique est error et magnam. Aut sapiente atque aspernatur. Cupiditate dignissimos corrupti neque dolores omnis autem accusamus.',1,0,NULL,'1978-02-14 22:00:40','2021-03-16 14:45:23'),(377,77,60,'Praesentium debitis sit nostrum dolores doloribus eveniet omnis officia. Quibusdam quisquam molestias rerum eum. Laboriosam quasi ea et vitae voluptates ex non.',1,0,NULL,'1971-06-28 22:09:08','2021-03-16 14:45:23'),(378,78,27,'Id commodi doloremque dolor doloribus similique. Sed vel eius nihil vel voluptatem animi. Ducimus nobis voluptatibus odit et quidem provident. Dolorem illo inventore et corporis labore nisi.',1,0,NULL,'1985-04-30 14:23:02','2021-03-16 14:45:23'),(379,79,35,'Omnis assumenda dolore quia non facere tempora. Velit sint et sapiente enim. Itaque dolor voluptas neque molestias perferendis. Porro temporibus et consectetur aut dolorem ab.',0,0,NULL,'1995-02-20 04:15:18','2021-03-16 14:45:23'),(380,80,3,'Cupiditate quam rerum est earum. Ipsa qui eum nulla sapiente debitis et est amet.',1,0,NULL,'2000-03-28 18:09:06','2021-03-16 14:45:23'),(381,81,9,'Id distinctio consequuntur explicabo. Dolorem explicabo nesciunt doloremque rerum quia dolore voluptatem. Libero atque architecto quidem id voluptatem maiores. Iure necessitatibus nostrum soluta doloremque deserunt.',1,1,0,'1988-02-10 21:03:09','2021-03-16 14:45:23'),(382,82,24,'Sit voluptates vero fuga dolorem. Quidem quos quia animi minus eaque porro. Qui sed distinctio impedit fugit. Repellendus et quisquam sed ad quo hic doloribus.',0,0,NULL,'2003-06-09 12:42:54','2021-03-16 14:45:23'),(383,83,86,'Nam eius distinctio non a ut expedita est. Eum molestiae quo molestias perspiciatis aut quas. Est voluptatem veniam qui aliquid minus vitae. Ad occaecati earum et qui aliquam.',1,1,1,'1977-01-12 02:51:58','2021-03-16 14:45:23'),(384,84,91,'Odio qui sint ipsam labore veritatis. Atque voluptatem aspernatur aut impedit sit animi alias ullam. Similique qui est est non reiciendis dolorem aperiam. Accusamus nostrum aut quaerat at unde incidunt autem.',1,0,NULL,'1984-09-07 00:01:50','2021-03-16 14:45:23'),(385,85,31,'Eos ipsam commodi repellendus temporibus eos voluptas vel. Rerum non a consequatur est reprehenderit corporis porro. Quibusdam a numquam est odio. Expedita doloremque earum earum et aliquam.',0,1,0,'2004-11-03 21:32:28','2021-03-16 14:45:23'),(386,86,42,'Incidunt assumenda amet similique consequatur rem impedit tempore. Et quaerat voluptas aliquid et omnis non. Voluptas deserunt esse sed et.',0,0,NULL,'1989-04-30 10:07:06','2021-03-16 14:45:23'),(387,87,24,'Unde nemo harum autem velit recusandae qui itaque. Impedit labore ut id nemo.',0,1,0,'2005-01-30 01:20:36','2021-03-16 14:45:23'),(388,88,66,'Ratione nobis esse vel illo culpa. Maiores magni iste tempore possimus iste. Minima perspiciatis dolores id modi provident ut. Eligendi eligendi consequatur ipsa velit nemo cupiditate ex facere.',1,0,NULL,'2013-05-01 20:08:25','2021-03-16 14:45:23'),(389,89,50,'Et temporibus fuga ad. Saepe vel exercitationem inventore. Quia iusto asperiores omnis soluta ipsam animi necessitatibus.',1,0,NULL,'2001-05-22 01:20:27','2021-03-16 14:45:23'),(390,90,98,'Aut molestiae autem odit unde aliquam eos cumque pariatur. Minima consequatur totam velit explicabo.',0,1,1,'1995-03-08 13:36:16','2021-03-16 14:45:23'),(391,91,70,'Nulla distinctio non voluptatem rerum. Quia harum sit ipsa rerum. Earum ut labore assumenda et non vel cumque.',0,1,0,'1998-12-20 03:53:22','2021-03-16 14:45:23'),(392,92,94,'Labore velit non illum voluptatum est deserunt. Ipsum et soluta sit ipsam. Dolores ullam nostrum molestiae reiciendis distinctio exercitationem sed. Alias alias quidem quia at tenetur quibusdam.',0,0,NULL,'1987-05-03 12:45:22','2021-03-16 14:45:23'),(393,93,3,'Necessitatibus odio aliquam est. Asperiores ipsam voluptas cum laudantium sint voluptatibus labore. Enim qui dignissimos suscipit velit alias cumque delectus.',1,1,0,'1987-07-05 17:56:59','2021-03-16 14:45:23'),(394,94,60,'Sit ab odit quia qui cupiditate quis voluptates ut. Omnis nobis quo non non. Et dignissimos eos quia placeat explicabo laudantium ratione.',0,0,NULL,'1994-05-25 03:34:30','2021-03-16 14:45:23'),(395,95,42,'Et ut occaecati in consequuntur repellat fugiat. Impedit velit veniam vitae error iste dolore veritatis placeat. Sunt accusantium voluptas qui molestias a sit qui. Eum ratione ut enim non et quia.',1,0,NULL,'1975-07-18 10:01:08','2021-03-16 14:45:23'),(396,96,47,'Rem distinctio animi id consequatur. Dolor maiores ut quis fugit vitae quia. Est id nulla dolor qui rerum quod. Sit aspernatur perferendis dignissimos.',0,1,1,'1995-07-21 06:14:03','2021-03-16 14:45:23'),(397,97,67,'Assumenda et voluptatum qui est unde. Perspiciatis ut omnis nesciunt. Consequatur dolore magnam harum pariatur molestiae.',1,0,NULL,'2019-04-28 16:32:59','2021-03-16 14:45:23'),(398,98,65,'Et suscipit doloribus vel perspiciatis ut rem adipisci. Voluptatem voluptas natus voluptatem ut repudiandae culpa eaque in. Officia quis laudantium facere placeat.',1,0,NULL,'2018-06-25 20:06:43','2021-03-16 14:45:23'),(399,99,25,'Reprehenderit placeat tenetur sequi animi odio adipisci sit. Et nisi distinctio dicta ea repellendus. Assumenda ut quibusdam magnam et et fuga placeat. Fugiat totam vitae reiciendis et optio aut vel.',0,0,NULL,'2000-09-08 07:06:55','2021-03-16 14:45:23'),(400,100,29,'Nulla ducimus aliquid ut. Sunt delectus esse reprehenderit eius sed. Ipsam ipsam culpa quo voluptates eius repudiandae qui. Et iste illo iusto dolorem sunt iste.',1,0,NULL,'2000-04-26 16:25:20','2021-03-16 14:45:23'),(401,1,81,'Minima consectetur delectus omnis id aliquam earum culpa. Quo eaque consequuntur dolorem temporibus maxime praesentium hic. Ea distinctio a dolore ut enim quaerat veritatis. Omnis qui ea optio. Quibusdam voluptatem autem quis alias eius.',0,0,NULL,'2017-11-18 09:24:11','2021-03-16 14:45:23'),(402,2,51,'Et quia id aut qui sequi consectetur incidunt. Fugiat qui voluptatem minus culpa dolorem. Unde esse ut praesentium perferendis. Accusantium qui qui qui blanditiis. Eveniet soluta necessitatibus aliquam enim sit id iste.',0,1,0,'1992-06-14 23:26:32','2021-03-16 14:45:23'),(403,3,66,'Ratione et eveniet odio sunt incidunt sequi. Voluptates eum vel corrupti fuga aut accusamus. Omnis quia dolore excepturi at cumque facilis.',1,0,NULL,'1979-02-28 21:51:40','2021-03-16 14:45:23'),(404,4,62,'Aut est dignissimos nostrum nostrum beatae eum. Dignissimos sit eveniet commodi eius non. In enim eum voluptas eligendi. Doloribus iusto quo dolorem sint ratione ullam.',1,1,0,'2005-08-26 15:30:39','2021-03-16 14:45:23'),(405,5,98,'Aut qui et praesentium deleniti nam et esse est. Numquam hic rerum quia non qui rerum. Recusandae est voluptas sed quae consequatur ratione.',0,1,1,'2001-09-26 20:52:45','2021-03-16 14:45:23'),(406,6,57,'Iusto porro omnis sequi exercitationem dolor commodi rem. Et voluptatibus et nam dolor. Voluptates est ea soluta et qui est.',0,0,NULL,'2019-08-24 13:02:17','2021-03-16 14:45:23'),(407,7,76,'Eos pariatur deleniti quis ipsum assumenda similique alias. Praesentium rem nam ea quos ducimus cumque. Nobis harum doloribus illum provident et. Delectus minima voluptatem voluptatum.',0,1,0,'1993-07-05 10:36:07','2021-03-16 14:45:23'),(408,8,60,'Vel a saepe qui. Maxime et qui enim porro. Quam ea repellat et deserunt fugiat. Ex nihil omnis tempora quas.',1,0,NULL,'2004-06-20 23:06:57','2021-03-16 14:45:23'),(409,9,73,'Amet omnis maiores repellendus qui in beatae quidem fugiat. Corrupti quia ut quia. Ex ut maxime nostrum sed voluptas possimus repellendus.',1,0,NULL,'1981-12-24 02:14:34','2021-03-16 14:45:23'),(410,10,94,'Expedita laboriosam recusandae temporibus sint id qui cupiditate. Numquam eos qui ducimus sint omnis nihil et. Sit voluptatem ut sed officiis et voluptates.',1,0,NULL,'2009-05-18 21:49:09','2021-03-16 14:45:23'),(411,11,26,'Sit cumque ratione nobis. Et assumenda dolorum ducimus aut eius. Nisi sed rerum a consequatur adipisci.',0,0,NULL,'1978-02-28 21:32:53','2021-03-16 14:45:23'),(412,12,32,'Quam suscipit quia rerum iure placeat asperiores. Error qui ad ut est odit. A est vel explicabo quasi ducimus corrupti. At in est sapiente impedit itaque consectetur.',0,0,NULL,'1981-08-04 08:17:13','2021-03-16 14:45:23'),(413,13,45,'Sint quis nemo numquam eaque culpa placeat reiciendis. Nulla sit quam facilis quasi ducimus alias itaque. Consequatur ullam ut quae ad deleniti. Quia nulla sed ab.',1,0,NULL,'1979-03-21 10:16:02','2021-03-16 14:45:23'),(414,14,15,'Ut et quam id voluptate molestiae soluta et. Dolor voluptatem quis aliquid excepturi omnis officiis alias. Qui ut in tempora iste. Minima eveniet aspernatur ad qui et perferendis molestiae.',0,0,NULL,'1993-04-20 12:48:59','2021-03-16 14:45:23'),(415,15,44,'A occaecati corrupti inventore placeat eum et ea. Nulla non qui est eum sed itaque voluptates. Nesciunt ut libero ipsum numquam fugit est consequatur.',1,0,NULL,'1972-03-12 09:14:05','2021-03-16 14:45:23'),(416,16,33,'Alias quibusdam officiis dicta unde molestias. Quia atque nulla praesentium dolorem qui hic aut. Exercitationem libero culpa et ut.',0,0,NULL,'1976-12-10 20:39:58','2021-03-16 14:45:23'),(417,17,62,'Velit ratione quae magni voluptatem ut adipisci ea voluptatum. Dolorem quaerat eius enim nihil. Ut doloremque dicta dolores possimus maiores soluta.',0,1,1,'2018-05-06 13:06:25','2021-03-16 14:45:23'),(418,18,72,'Accusantium sed veritatis non officiis et nam inventore. Quisquam nesciunt aliquam occaecati et. Accusantium laudantium distinctio quo dignissimos. Ad in eveniet et in ut optio ipsam atque.',0,1,1,'2009-05-21 08:30:23','2021-03-16 14:45:23'),(419,19,43,'Totam amet excepturi repellendus alias animi nisi saepe. Porro quis non sapiente mollitia. Consectetur assumenda velit ab molestias voluptas eaque et.',1,0,NULL,'1992-03-11 09:54:13','2021-03-16 14:45:23'),(420,20,61,'Perspiciatis veritatis et et et qui ut mollitia. Deleniti repudiandae similique omnis odio facere ut praesentium et. Nobis odio occaecati voluptatem sed eaque facere doloremque.',0,0,NULL,'1987-06-06 12:36:52','2021-03-16 14:45:23'),(421,21,94,'Molestiae pariatur iure similique qui. Illum aut et consequuntur quas fuga deserunt. Et velit aut natus minima. Vel ducimus quidem deleniti quia quia quae facere.',0,0,NULL,'2005-04-15 15:52:13','2021-03-16 14:45:23'),(422,22,65,'Ipsam qui illum corporis dolorem. Atque incidunt odio nulla nisi numquam ex quibusdam. Dolorem iusto inventore modi sunt repudiandae suscipit optio. Quo aut saepe quis veniam.',1,1,1,'2017-11-18 04:11:32','2021-03-16 14:45:23'),(423,23,87,'Atque similique voluptatem beatae eligendi qui unde et. Quas dolorem quae cupiditate quis maiores. Ut non necessitatibus ratione nihil molestiae laboriosam.',0,1,1,'1986-01-15 10:01:11','2021-03-16 14:45:23'),(424,24,76,'Numquam nemo deleniti dolores rerum tempora sed vel sed. Alias amet iure fuga quia enim aut.',0,0,NULL,'1986-04-16 14:10:19','2021-03-16 14:45:23'),(425,25,3,'Voluptatem et culpa qui debitis quos voluptate. Molestiae et nihil et nam nemo repudiandae reprehenderit. Et suscipit eaque nulla et quo.',0,1,0,'1999-08-22 01:10:36','2021-03-16 14:45:23'),(426,26,89,'Et a sint minima commodi ut sit nulla. Alias molestiae sint magni quos rerum magnam culpa. Quod quo ut magni reiciendis. Exercitationem placeat laborum ea debitis ducimus.',0,0,NULL,'1982-08-11 00:08:22','2021-03-16 14:45:23'),(427,27,14,'Eum repellendus necessitatibus qui ea at. Omnis exercitationem quibusdam natus nulla sed ipsa sit. Non adipisci est et consectetur similique.',0,1,0,'2008-01-02 21:11:50','2021-03-16 14:45:23'),(428,28,23,'Dolores cumque optio et quisquam sit. Quo molestias non odit qui ipsum alias.',0,1,0,'2005-07-17 01:56:44','2021-03-16 14:45:23'),(429,29,21,'Veniam minus voluptatem ipsam. Temporibus quia tenetur quo et libero cupiditate.',1,0,NULL,'1998-05-09 22:11:59','2021-03-16 14:45:23'),(430,30,78,'Quia cupiditate possimus et quaerat corrupti. Quia sapiente cumque quas mollitia labore eos velit voluptas. Porro dolores non tempora sit asperiores quo. Et repellendus quas voluptatem deleniti vel quis.',1,1,1,'2011-09-28 00:43:05','2021-03-16 14:45:23'),(431,31,7,'Mollitia perferendis et et odio nesciunt provident delectus in. Incidunt ut odit non atque enim. Qui dolorum voluptates est ipsa eligendi voluptas.',0,0,NULL,'1972-04-16 16:54:53','2021-03-16 14:45:23'),(432,32,26,'Quia repellat expedita assumenda deleniti repellat. Quia dolor omnis sed dolorum qui qui. Eaque aut enim vero quasi molestias. Ut libero voluptas fugiat optio et.',1,0,NULL,'1999-12-10 16:17:24','2021-03-16 14:45:23'),(433,33,42,'Blanditiis in praesentium voluptatem. Sint vel et facilis. Consequatur numquam quia inventore quo quia magnam porro. Accusantium nesciunt blanditiis eos earum dolor ut. Maiores odit est enim saepe officia et officia.',0,0,NULL,'1979-09-18 09:36:09','2021-03-16 14:45:23'),(434,34,20,'Eius odio ut dolorem. Amet odit optio magni repellendus officia ipsam sed. Laboriosam corporis est itaque exercitationem veniam.',1,1,1,'1988-08-24 18:30:00','2021-03-16 14:45:23'),(435,35,44,'Quia ex ab aut architecto facilis consequatur. Impedit placeat cupiditate eaque. Iste ut quod quasi error. Provident at aut temporibus nesciunt.',0,0,NULL,'2008-11-07 07:38:45','2021-03-16 14:45:23'),(436,36,16,'Officiis deserunt qui error sit. Cupiditate veniam et voluptas aut sint quidem sunt minus. Autem laboriosam quis cum eos labore aut dolores quas. Voluptas consequatur doloremque sed facere labore. Maxime qui aliquid voluptas quam corrupti autem et.',0,0,NULL,'1979-12-12 06:29:42','2021-03-16 14:45:23'),(437,37,65,'Corporis rerum sint sed natus. Accusamus est et consequatur impedit quae quos non modi. Earum nam consequatur voluptas accusantium.',0,0,NULL,'2019-04-23 21:55:04','2021-03-16 14:45:23'),(438,38,63,'Sit fugit cumque dicta. Et facere voluptatem sit est. Asperiores reprehenderit cupiditate ex vitae repudiandae libero quod hic.',0,1,0,'1989-03-21 18:23:27','2021-03-16 14:45:23'),(439,39,85,'Qui atque aut ex porro quisquam. Eos qui error est aliquam omnis recusandae. Voluptatem accusantium recusandae numquam tempora est enim neque non. Explicabo sed eaque consectetur consequatur voluptatem.',0,0,NULL,'2013-04-28 04:44:04','2021-03-16 14:45:23'),(440,40,48,'Nisi qui inventore laboriosam. Qui officiis quia quia sunt. Aperiam maxime consequuntur voluptas et quis tenetur mollitia.',0,0,NULL,'2012-11-02 08:51:43','2021-03-16 14:45:23'),(441,41,70,'Voluptate sequi voluptas totam. Earum non ea est omnis quas sequi. Sint qui dicta saepe cum voluptatibus enim itaque aspernatur. Ut et harum quidem earum enim voluptas.',0,1,0,'2004-06-29 09:41:43','2021-03-16 14:45:23'),(442,42,32,'Itaque quaerat suscipit facere minima. Perferendis sed non animi vero. Et laudantium dolorem sunt error.',0,0,NULL,'2009-02-23 04:24:09','2021-03-16 14:45:23'),(443,43,31,'Vero et sed ea rerum molestiae ratione officiis. Facere et facere vel labore autem illo. Minima minus iusto nisi est iusto. Veniam distinctio quis quae inventore.',1,0,NULL,'2008-02-01 14:27:22','2021-03-16 14:45:23'),(444,44,46,'Quam facere ut optio occaecati velit et consequatur. Aut non eius et perspiciatis sed commodi.',0,1,0,'1982-03-29 18:04:57','2021-03-16 14:45:23'),(445,45,76,'Qui sed sunt consequatur at excepturi eos molestias. Voluptatem vel numquam placeat veniam. Omnis molestiae quia cum molestiae eum impedit. Est tempore non odit illum et.',0,0,NULL,'1970-07-23 10:26:57','2021-03-16 14:45:23'),(446,46,88,'Molestiae numquam est in suscipit culpa optio. Quia quam dolores molestias. Accusantium ut cupiditate aliquam omnis magni.',1,1,0,'2015-12-18 17:54:28','2021-03-16 14:45:23'),(447,47,30,'Rerum assumenda ut velit enim qui maiores. Accusamus eos veritatis qui est praesentium. Molestiae et odio enim illo distinctio.',1,1,0,'1988-10-27 11:20:05','2021-03-16 14:45:23'),(448,48,11,'Voluptas qui unde ipsa facilis occaecati molestiae non minus. In velit dolorem est iste laboriosam. Vel qui incidunt inventore ab quam quia explicabo autem.',1,1,0,'2010-04-08 17:32:07','2021-03-16 14:45:23'),(449,49,14,'Ducimus soluta dolorem eveniet porro. Iure corporis vero laborum officia pariatur fugiat. Ad libero autem odio accusamus molestiae laborum vel. Dolor qui ut eius in.',1,0,NULL,'1976-09-15 15:28:07','2021-03-16 14:45:23'),(450,50,51,'Officiis alias itaque delectus qui qui. Voluptatum ut ad omnis voluptate. Qui tempore itaque neque labore qui.',0,1,1,'1970-08-09 07:53:28','2021-03-16 14:45:23'),(451,51,42,'Dicta sunt at autem est est voluptatum fugit. Repellendus quis repellat itaque impedit. Culpa magnam sed earum repellat. Necessitatibus animi et rerum occaecati id.',1,1,1,'1995-07-30 23:49:53','2021-03-16 14:45:23'),(452,52,11,'Id architecto similique ullam explicabo itaque. Fuga culpa sunt excepturi libero. Soluta voluptatibus error rerum voluptatum id voluptas rerum sunt. Repellat ut ducimus molestiae maxime voluptatum et.',0,1,0,'1993-09-03 03:46:47','2021-03-16 14:45:23'),(453,53,24,'Vel perferendis dolores voluptatem et voluptatem temporibus quia deserunt. Quae rerum nulla ut ut ducimus. Nihil doloremque praesentium asperiores dolorum doloribus. Fuga praesentium illum esse cupiditate aliquid.',0,1,1,'1985-02-06 21:26:31','2021-03-16 14:45:23'),(454,54,59,'Placeat explicabo et quia id est voluptatem. Voluptas et inventore officiis itaque voluptatibus.',1,0,NULL,'1975-04-18 18:06:26','2021-03-16 14:45:23'),(455,55,92,'Quo error aut occaecati dolor. Autem occaecati qui quos inventore repudiandae voluptatem sed. Nulla quibusdam nihil error officiis ea mollitia.',0,0,NULL,'1999-08-12 01:43:00','2021-03-16 14:45:23'),(456,56,82,'Quaerat nihil architecto deleniti ut quo. Id perferendis qui vero dignissimos.',0,0,NULL,'1998-05-27 05:40:45','2021-03-16 14:45:23'),(457,57,14,'Laborum sapiente dolores ipsa dolorum similique. Ex ipsam aut repudiandae fugiat. Animi velit et cumque quod consequatur.',1,1,1,'1978-04-29 21:01:07','2021-03-16 14:45:23'),(458,58,41,'Qui quis veniam fugiat et incidunt voluptatem quia incidunt. Veritatis deleniti consequatur doloremque tempore earum. Repellendus qui dolore sed eveniet cumque qui adipisci.',1,0,NULL,'1982-03-11 06:52:19','2021-03-16 14:45:23'),(459,59,80,'Beatae iusto ut at vitae sunt. Dicta ad quia nesciunt numquam. Assumenda rem sed aut.',1,0,NULL,'2010-09-07 20:42:45','2021-03-16 14:45:23'),(460,60,70,'Ipsa doloribus consequatur accusamus tempora. Quisquam quis dolorum doloremque et. Officiis earum quae laborum ut est exercitationem doloremque.',0,1,1,'2006-12-31 18:56:31','2021-03-16 14:45:23'),(461,61,2,'Numquam sint quod ducimus sapiente saepe ullam. Et est reprehenderit hic harum eos eum. Tempore et rem accusantium consequuntur perferendis quasi est enim. Nesciunt modi distinctio dolorem sequi nulla id enim.',1,0,NULL,'2017-01-19 16:17:01','2021-03-16 14:45:23'),(462,62,70,'Doloremque iste molestias beatae. Quia aut reiciendis eum consectetur vel qui. Aliquid sed eligendi inventore nihil. Illo deleniti veniam quia et eum. Culpa magni natus libero quo illum.',0,0,NULL,'1994-03-05 23:44:05','2021-03-16 14:45:23'),(463,63,14,'Sit dolores sequi deleniti eum eveniet aut qui. Consequatur sint voluptatem incidunt qui. Et laudantium qui voluptas necessitatibus.',0,0,NULL,'1976-04-16 16:59:33','2021-03-16 14:45:23'),(464,64,36,'Quia sit magni esse sit amet est ut. Ipsam sit voluptatibus accusantium eum nam itaque architecto possimus. Quaerat repellat incidunt animi modi vel rerum voluptates. Libero velit quasi ea id exercitationem eligendi rerum.',0,1,1,'1981-10-01 18:53:48','2021-03-16 14:45:23'),(465,65,67,'Et aut qui doloribus consectetur vitae sunt. Et quae tempora est reprehenderit. In blanditiis neque numquam laboriosam. Ad consequatur corrupti eos quisquam excepturi. Qui nisi et in animi et vel consequatur.',1,1,1,'2019-09-18 03:35:42','2021-03-16 14:45:23'),(466,66,4,'Itaque aut necessitatibus ipsum aut. Nesciunt commodi voluptatem natus eaque vel totam numquam. Vel maiores voluptatum asperiores.',1,1,0,'2009-09-14 14:34:43','2021-03-16 14:45:23'),(467,67,90,'Ea rerum doloremque ipsam quibusdam animi autem. Ad occaecati iure aut aliquid magni et possimus totam.',0,1,1,'2000-07-09 12:19:22','2021-03-16 14:45:23'),(468,68,58,'Placeat dolorem omnis et labore ab omnis ipsa. Omnis cupiditate voluptatem voluptas. Corporis occaecati ex rerum est aspernatur est.',0,0,NULL,'1993-12-03 03:46:02','2021-03-16 14:45:23'),(469,69,75,'Quia et debitis asperiores quis optio sed ex. Praesentium odit error ab quo suscipit odio.',1,1,1,'2020-11-13 18:51:48','2021-03-16 14:45:23'),(470,70,51,'Facilis vitae ratione iste dolor soluta. Tempore ipsum commodi et. Maiores veritatis quos atque necessitatibus dicta pariatur.',0,1,0,'2014-08-09 17:13:54','2021-03-16 14:45:23'),(471,71,34,'Molestiae id dolores voluptas facilis provident autem. Quaerat corporis a sint repudiandae. Nisi rerum ut molestias facere in.',1,0,NULL,'1997-01-30 17:39:36','2021-03-16 14:45:23'),(472,72,16,'Cupiditate non quia laboriosam ipsam. Tempora aspernatur esse omnis ut. Quaerat deleniti autem architecto et numquam.',0,1,0,'2001-06-20 20:36:42','2021-03-16 14:45:23'),(473,73,3,'In dignissimos quam aut at cum veritatis. Sunt qui voluptatem eum qui quae. Voluptatem ducimus et magnam odio rerum. Cupiditate consequatur ea saepe dolorum nihil dolores.',0,1,0,'2006-08-28 03:30:34','2021-03-16 14:45:23'),(474,74,55,'Nulla est natus assumenda rerum recusandae. Eos nulla ex consectetur commodi. Possimus eligendi nostrum animi est blanditiis expedita perspiciatis.',1,1,1,'1976-12-14 18:28:50','2021-03-16 14:45:23'),(475,75,64,'Officiis repellat et sed ratione dolore. Sequi expedita illo itaque ducimus ut. Provident fuga nesciunt itaque voluptates sed.',1,0,NULL,'2021-02-28 02:26:36','2021-03-16 14:45:23'),(476,76,11,'Odit optio reprehenderit ad culpa quo modi nesciunt odio. Qui excepturi reiciendis deleniti autem eos minima voluptatem perferendis. Vel beatae saepe esse in aut. Non id voluptatem natus minus rerum aliquid ut.',1,0,NULL,'1987-06-02 18:39:42','2021-03-16 14:45:23'),(477,77,83,'Ex unde sit qui voluptatem sunt blanditiis magni. Harum in soluta sed qui dolorum sed. Sapiente explicabo quo illum nulla exercitationem enim.',1,0,NULL,'1974-12-30 02:35:07','2021-03-16 14:45:23'),(478,78,41,'Quod non velit corrupti sint est culpa nisi. Aliquid aspernatur et ipsam et. Laudantium voluptatem itaque ullam eos. Commodi nostrum quia quidem ut et.',1,0,NULL,'1976-10-02 10:25:59','2021-03-16 14:45:23'),(479,79,38,'Repudiandae nisi neque explicabo officiis quas quaerat. Eum fugit modi reprehenderit qui. Modi saepe reprehenderit quisquam eum nesciunt modi. A et doloribus nemo est praesentium impedit.',0,1,0,'2018-02-10 09:52:25','2021-03-16 14:45:23'),(480,80,78,'Fuga suscipit quae sint dolor soluta. Molestiae voluptatem aut et quis rem possimus molestias. Quis aut iure optio qui quia facilis magnam quaerat. Soluta facere voluptatem est dolorem.',1,1,1,'2019-02-26 15:28:49','2021-03-16 14:45:23'),(481,81,45,'Ipsam et adipisci id tempore. Dolor consequatur quos tempora nihil veniam omnis assumenda. Voluptas consequatur aspernatur accusantium saepe tempore et. Soluta sapiente a molestiae quia sit et assumenda.',1,1,1,'2016-04-26 15:11:28','2021-03-16 14:45:23'),(482,82,31,'Minima cupiditate officia facilis. Aut incidunt aut nam eius.',0,0,NULL,'2019-04-19 21:06:08','2021-03-16 14:45:23'),(483,83,8,'Nisi exercitationem quo deserunt praesentium dolor consectetur nemo. Quidem enim tenetur ut ducimus ipsa labore. Sunt et possimus dolore ipsum velit consequuntur. Nam labore natus cumque dicta nostrum repellat.',0,0,NULL,'1970-05-06 15:53:33','2021-03-16 14:45:23'),(484,84,57,'Vero accusantium voluptas sit rerum in. Qui ex fuga hic deleniti dolor non. Ut alias iste pariatur doloribus repudiandae fugiat et qui.',0,0,NULL,'1986-08-22 20:57:03','2021-03-16 14:45:23'),(485,85,16,'A eligendi facere id tempora. Maiores ea corporis excepturi ducimus. Quam fugit exercitationem laborum optio fugiat incidunt eum.',1,1,1,'2006-05-30 17:15:40','2021-03-16 14:45:23'),(486,86,98,'Impedit unde debitis dicta est et laudantium corrupti dolorum. Non omnis aut blanditiis omnis quia et et. Praesentium fugiat cum exercitationem perspiciatis consequuntur.',1,1,0,'2010-09-09 21:37:13','2021-03-16 14:45:23'),(487,87,31,'Incidunt ut nemo rerum quisquam voluptatum omnis quia sint. Nesciunt ut harum ratione molestias vel et saepe. Enim consequatur alias nobis. Ea aut debitis dolores et sunt.',0,1,1,'1995-06-08 22:39:36','2021-03-16 14:45:23'),(488,88,76,'Accusamus error blanditiis voluptatem provident. Quis qui maxime neque possimus id. Beatae commodi ut quis corporis. Quo rem voluptas repudiandae eius est quisquam provident enim.',0,0,NULL,'1971-01-08 15:34:48','2021-03-16 14:45:23'),(489,89,11,'Molestias repudiandae numquam voluptatem omnis. Hic libero ipsum alias itaque non voluptas voluptatibus quod.',1,0,NULL,'1975-02-27 00:40:24','2021-03-16 14:45:23'),(490,90,81,'Consectetur consequatur non eveniet ut. Quis temporibus quaerat iure et.',1,1,0,'1974-02-10 23:02:21','2021-03-16 14:45:23'),(491,91,52,'Architecto ipsam eum ratione earum natus. Consequuntur est quod sunt quos debitis. Est qui qui fugiat autem consequatur.',0,0,NULL,'2010-04-02 19:51:28','2021-03-16 14:45:23'),(492,92,53,'Iure omnis consequuntur et. Neque veritatis pariatur recusandae veniam accusantium aut exercitationem sit. Velit et ea accusamus rem consectetur enim. Natus et atque officia nam eos debitis enim.',1,1,1,'1989-02-20 19:46:58','2021-03-16 14:45:23'),(493,93,61,'Dolores ut harum dolorem nihil voluptatum quam id. Sint aliquid beatae labore et corrupti. Aut quia officiis nostrum eum non.',0,0,NULL,'2006-07-10 05:58:45','2021-03-16 14:45:23'),(494,94,68,'Sapiente odit numquam molestiae magni. Et possimus repellendus libero nesciunt sint. Quam perspiciatis magni eum sint doloribus.',0,0,NULL,'1981-11-27 15:55:30','2021-03-16 14:45:23'),(495,95,8,'Sint accusantium delectus quia odit in recusandae necessitatibus. Et at tenetur vitae. Explicabo suscipit fugiat a ex aut voluptas minima.',1,0,NULL,'1996-12-07 18:24:46','2021-03-16 14:45:23'),(496,96,38,'Corporis doloribus aperiam fugiat sint. Qui alias consectetur dolorum sit sapiente suscipit. Molestiae assumenda neque id cumque.',0,0,NULL,'2010-12-15 18:50:57','2021-03-16 14:45:23'),(497,97,90,'Quaerat eum quod molestiae explicabo ut eum possimus. Officiis assumenda officia nobis eum sint pariatur perspiciatis. Voluptatum corrupti et dolorem quia.',1,0,NULL,'2010-03-08 02:08:15','2021-03-16 14:45:23'),(498,98,99,'Sunt molestiae voluptates illo aut dignissimos tempore. Dolores culpa quibusdam omnis est repudiandae. Aperiam corporis consequatur nulla unde consequatur dolorem. Voluptas necessitatibus et ea consequatur.',0,1,0,'2016-06-27 21:09:23','2021-03-16 14:45:23'),(499,99,41,'Deserunt at ut ipsam. Quis voluptatem impedit quis quod doloribus. Cum enim voluptate cum facilis minus.',1,1,1,'1974-11-08 20:57:16','2021-03-16 14:45:23'),(500,100,37,'Et asperiores sunt libero modi blanditiis repudiandae. Corrupti dolores pariatur ad illo doloribus magni consequatur. Alias dolor sint laudantium eum quas vitae.',1,0,NULL,'2014-01-27 15:38:07','2021-03-16 14:45:23'),(501,1,46,'Sint neque esse sed beatae ea eligendi distinctio ipsam. Facere impedit accusamus sit eius voluptate ducimus nobis. Esse quam et soluta praesentium odio.',1,1,0,'2007-09-10 22:49:44','2021-03-16 14:45:23'),(502,2,8,'Et ut aut sint illo. Alias amet aspernatur mollitia voluptatem autem est veritatis dolorum. Debitis ipsam voluptates qui ad et quisquam. Harum ut assumenda nisi.',0,0,NULL,'1975-08-15 04:56:22','2021-03-16 14:45:23'),(503,3,6,'Aut ut illum enim veritatis tempora dolorem sit. Et esse assumenda facilis architecto omnis sunt. Id iusto non sit et est quisquam. Ipsa minus magnam expedita corrupti hic reiciendis delectus.',1,1,1,'2003-11-06 04:32:53','2021-03-16 14:45:23'),(504,4,26,'Voluptatem labore rerum cumque non asperiores repellat. Quidem non id corporis repellat molestiae natus. Dolor sunt ut nihil libero fuga.',0,1,1,'1987-03-08 23:02:08','2021-03-16 14:45:23'),(505,5,26,'Voluptatum magnam rerum quae et et consequatur eligendi. Omnis nihil commodi id rerum non iste. Mollitia minus aliquam cupiditate id commodi commodi. Fuga possimus sit corrupti rem.',0,1,0,'2017-03-06 13:35:36','2021-03-16 14:45:23'),(506,6,72,'Ducimus quaerat et ut et itaque. Libero porro consequatur ea repudiandae. Eos dolores eveniet debitis rerum. Velit aut cupiditate nisi rerum tenetur iure voluptatibus.',0,1,0,'1976-07-21 17:49:13','2021-03-16 14:45:23'),(507,7,85,'Voluptatum repudiandae et vero perspiciatis. Ut nihil dolorum eaque et. Omnis tenetur in id nemo. Optio fuga facere et et est maxime ut laudantium. Earum voluptatibus a quo at.',1,1,0,'1986-05-03 01:12:58','2021-03-16 14:45:23'),(508,8,30,'Ducimus aut omnis voluptate eum architecto sit. Dolor quam consequuntur fugiat voluptatem. Suscipit voluptatibus aliquid placeat voluptas accusantium accusamus enim.',0,0,NULL,'1971-08-26 08:45:27','2021-03-16 14:45:23'),(509,9,11,'Aut quasi omnis totam sit reprehenderit temporibus. Quis porro maxime soluta in rerum aliquam. Et ipsum repudiandae iste non consequatur modi.',1,1,0,'1982-09-29 11:20:24','2021-03-16 14:45:23'),(510,10,39,'Voluptatem porro excepturi molestiae voluptas et soluta. Pariatur qui odio sunt quis itaque. Nam quidem est et adipisci.',0,0,NULL,'2002-10-09 21:56:33','2021-03-16 14:45:23'),(511,11,37,'Doloribus omnis provident rem quia neque distinctio suscipit. Sunt velit mollitia vel quo quidem id laboriosam enim. Voluptate facere porro magni vitae dolor numquam laboriosam. Accusamus mollitia unde laboriosam.',0,1,0,'1975-10-17 07:59:16','2021-03-16 14:45:23'),(512,12,93,'Harum beatae a quia. Sunt et adipisci rerum qui. Odit saepe non et aliquam.',0,1,1,'1996-02-15 11:40:46','2021-03-16 14:45:23'),(513,13,34,'Repellat ullam reiciendis omnis voluptas qui sint. Asperiores occaecati est sunt qui et distinctio facere. Illum quam tenetur officiis.',1,0,NULL,'2014-06-13 10:45:00','2021-03-16 14:45:23'),(514,14,45,'Debitis architecto ut fugit consequatur aut deserunt. Consequatur cum minima quasi ab aut.',1,1,1,'1974-09-20 23:09:57','2021-03-16 14:45:23'),(515,15,86,'Est iure voluptatem perspiciatis. Sunt quidem et et qui omnis. Iste in saepe saepe.',0,0,NULL,'1975-06-01 02:18:40','2021-03-16 14:45:23'),(516,16,60,'Rerum qui qui sed minima vel. Mollitia repellendus quam impedit facilis et qui. Et in aut mollitia voluptatem perferendis velit optio. Recusandae voluptatem suscipit fugiat ipsam.',0,1,0,'2005-12-17 07:55:40','2021-03-16 14:45:23'),(517,17,44,'Ratione nostrum est et molestiae debitis sapiente eius. Est quo aut fugit praesentium sit molestiae. Veritatis non est inventore error et nobis quia. Sapiente numquam suscipit aliquam ut.',1,0,NULL,'1971-06-24 01:53:55','2021-03-16 14:45:23'),(518,18,87,'Et iste fugit totam mollitia eligendi pariatur atque sed. Quae aspernatur et officia atque libero. Atque possimus ipsam temporibus temporibus veritatis voluptatem. Quibusdam sed facilis voluptatibus saepe laborum ex.',0,1,0,'1999-02-01 03:22:14','2021-03-16 14:45:23'),(519,19,77,'Eaque qui dolorem laborum quisquam quaerat amet. Possimus voluptatem esse nostrum tempore animi facere. Et cupiditate perferendis quis nostrum repellat fuga.',0,0,NULL,'2007-09-10 11:33:09','2021-03-16 14:45:23'),(520,20,40,'Quas aut pariatur et. In non consectetur placeat doloribus porro. Est omnis id possimus. Illo rem sint sequi quis cum vel.',0,1,0,'1993-06-21 09:36:30','2021-03-16 14:45:23'),(521,21,85,'Fuga provident officia totam sed qui hic. Porro tempore alias fugit reiciendis itaque accusamus labore. Dolor maxime quia aut alias numquam perspiciatis.',0,0,NULL,'1979-02-28 02:10:25','2021-03-16 14:45:23'),(522,22,95,'In aperiam doloribus doloremque nihil ad alias maiores excepturi. Est ab aut eos fugit numquam repellendus. Quia ea delectus repellat aut hic soluta commodi quia.',0,0,NULL,'2002-03-30 18:35:35','2021-03-16 14:45:23'),(523,23,98,'Voluptas ad provident id ea sapiente et laudantium. Voluptas inventore occaecati doloremque sint assumenda deleniti. Necessitatibus illum velit asperiores voluptatibus nihil sapiente.',0,0,NULL,'2007-09-25 17:36:38','2021-03-16 14:45:23'),(524,24,40,'Nam suscipit nesciunt possimus rem sint repudiandae. Dicta quam est vitae corrupti reiciendis maiores. Vel id fuga ipsa quaerat.',0,1,1,'1980-10-18 21:04:09','2021-03-16 14:45:23'),(525,25,97,'Sequi quia adipisci quod voluptatibus a. Dicta incidunt ea ducimus voluptas sed odio. Commodi aut nam tempore inventore.',1,0,NULL,'2009-10-01 13:22:45','2021-03-16 14:45:23'),(526,26,81,'Et sed odio dolorem dolor. Modi repudiandae quas blanditiis temporibus fugiat quaerat. Eligendi laboriosam iure expedita corporis.',1,0,NULL,'1976-12-07 18:11:13','2021-03-16 14:45:23'),(527,27,76,'Atque est esse excepturi fugiat quisquam. Consequatur sit ut cumque recusandae. Mollitia qui voluptatum ut at est odit hic. Natus vel fuga iusto rerum similique perspiciatis est. Itaque ratione est odit et eius quam.',0,1,1,'2013-12-25 23:27:30','2021-03-16 14:45:23'),(528,28,8,'Vel et harum quibusdam hic nesciunt eum eveniet et. Quo perspiciatis corrupti quisquam eum perferendis. Ipsam eos totam nisi reiciendis dolore ad qui. Sed autem voluptatum eveniet possimus. Qui eaque aspernatur qui.',0,0,NULL,'1979-10-14 20:56:11','2021-03-16 14:45:23'),(529,29,8,'Ut dignissimos est nemo minus. Non vel doloribus tempore nihil provident ea sapiente. Molestiae possimus vel mollitia magnam. Et alias magnam cumque eum nesciunt sequi ea non. Nemo aspernatur sed officia molestiae.',1,0,NULL,'1991-09-29 12:37:41','2021-03-16 14:45:23'),(530,30,73,'Dicta natus nostrum aliquid sint vel aut doloribus. Et dolore cum qui voluptatem optio vel. Inventore aperiam nisi voluptas consequuntur voluptatem quibusdam.',0,0,NULL,'2000-05-22 13:33:37','2021-03-16 14:45:23'),(531,31,53,'Ad dolorem quaerat odit hic totam ea provident ut. Aut minima quae ut aut voluptas. Exercitationem et culpa voluptatem. Animi doloremque veritatis rerum ut repellendus et omnis.',0,1,1,'2004-04-30 11:52:57','2021-03-16 14:45:23'),(532,32,11,'Et laborum non saepe illum mollitia nesciunt necessitatibus. Harum nam fugit voluptatem totam eum commodi est veritatis.',1,0,NULL,'1985-04-24 13:23:22','2021-03-16 14:45:23'),(533,33,23,'Doloremque asperiores beatae ut saepe. Repudiandae et nulla dolores expedita aliquam. Recusandae voluptatem nam harum magnam sit.',0,0,NULL,'1995-11-28 16:14:50','2021-03-16 14:45:23'),(534,34,7,'Autem est velit adipisci quas aperiam accusamus ut. Totam voluptate quaerat dicta corporis. Qui dolorem temporibus enim cupiditate perferendis vero nostrum. Minima vel id ipsam maxime amet dignissimos.',1,0,NULL,'2006-12-23 17:01:36','2021-03-16 14:45:23'),(535,35,53,'Ea est commodi ea maxime soluta quae enim. Dolor sed dolores qui deserunt. Nisi provident non dolor est quae. Consequuntur dolorem et ut reprehenderit qui eaque amet. Eum at eius et iste quo voluptatibus.',0,1,1,'2013-06-17 00:23:20','2021-03-16 14:45:23'),(536,36,72,'Est velit minima dolorum vel sint. Animi debitis aliquid exercitationem tempore et perspiciatis. Quasi aliquid et aut quod porro est et. Iusto autem placeat dolores voluptatibus.',0,0,NULL,'1981-09-24 17:28:10','2021-03-16 14:45:23'),(537,37,56,'Necessitatibus id nobis odio sed iusto. Consequuntur laborum assumenda qui esse neque omnis. Non et ut dolorem.',0,0,NULL,'2006-02-15 15:26:36','2021-03-16 14:45:23'),(538,38,21,'Dolor minus et rerum enim. Voluptatum et nihil doloribus consequuntur.',1,0,NULL,'2002-04-26 11:09:00','2021-03-16 14:45:23'),(539,39,13,'Delectus et mollitia dolores rerum illo expedita. Unde exercitationem quis tempora deleniti commodi ut aut. Temporibus minima quis labore qui dignissimos. Repellendus est nobis ex inventore. Aperiam dolorum voluptatibus sed totam ea dolores exercitationem odit.',1,1,1,'2003-09-16 03:14:19','2021-03-16 14:45:23'),(540,40,51,'Debitis minus unde repudiandae iure suscipit modi aliquam. Maxime et magni possimus eveniet modi et. Quidem aperiam quia similique praesentium ducimus cum aut. Quam eos iure sint impedit explicabo.',1,1,0,'2006-08-24 09:48:43','2021-03-16 14:45:23'),(541,41,62,'Ab in qui velit. Consectetur eos cum cumque et ratione placeat. Amet aut hic unde quisquam quo dolores. Assumenda facilis perspiciatis esse delectus qui ab.',1,1,1,'1994-01-12 01:05:13','2021-03-16 14:45:23'),(542,42,79,'Consequatur fuga corporis quam quisquam. Nam consequatur distinctio repellendus mollitia voluptas harum. Aut soluta odio sunt non voluptatem esse.',1,0,NULL,'1976-06-18 08:09:46','2021-03-16 14:45:23'),(543,43,12,'Id non non rerum aut. Deleniti sed tempore qui qui. Nesciunt aut voluptas temporibus.',0,0,NULL,'2018-03-24 13:27:16','2021-03-16 14:45:23'),(544,44,52,'Blanditiis quis facilis debitis exercitationem eius. Voluptas qui consequuntur enim libero occaecati quas hic. Ut labore vel esse alias voluptatibus iusto est.',0,1,0,'1973-06-11 13:36:22','2021-03-16 14:45:23'),(545,45,80,'Ratione voluptatibus error similique ipsum. Minima dolorem ut dolore aspernatur numquam. Alias qui et maiores repudiandae nihil aut repellendus.',0,0,NULL,'1981-03-26 11:20:42','2021-03-16 14:45:23'),(546,46,80,'Voluptatem hic quam corrupti quo quia similique. Quibusdam cupiditate voluptatum accusantium sit. Illo deleniti laudantium aut. Est asperiores at et non.',0,0,NULL,'2003-06-07 19:09:16','2021-03-16 14:45:23'),(547,47,45,'Odio libero saepe ullam vitae ut. Neque et voluptatum numquam ut vel voluptas eaque.',1,0,NULL,'1999-05-17 09:52:02','2021-03-16 14:45:23'),(548,48,82,'Deleniti deleniti doloribus id libero quo. Aut ut doloribus et repudiandae saepe minus. Molestias ut assumenda iste. Alias sint minima aliquid necessitatibus nesciunt voluptatum suscipit ipsum.',0,0,NULL,'2006-08-29 13:14:38','2021-03-16 14:45:23'),(549,49,78,'Molestiae quasi dolore qui totam at voluptatem et ut. Qui quia hic inventore minima architecto cumque blanditiis. Qui velit omnis molestias quasi praesentium.',1,0,NULL,'1994-10-05 09:40:44','2021-03-16 14:45:23'),(550,50,56,'Vero quia est labore possimus praesentium quia. Earum quidem quaerat consequatur quia incidunt veniam. Sit corrupti accusantium non ipsam consequatur soluta. Dicta facere culpa rerum autem perspiciatis.',1,1,0,'1999-07-26 04:55:23','2021-03-16 14:45:23'),(551,51,29,'Voluptas itaque autem consequuntur quae. Saepe maxime quo eveniet excepturi. Omnis sit exercitationem optio maxime facere itaque.',1,0,NULL,'2001-05-24 16:10:19','2021-03-16 14:45:23'),(552,52,39,'Quisquam aspernatur officia est quidem animi. Labore quia consequatur maxime temporibus sed molestias amet ea. Error iste optio dolorum suscipit vel et.',0,0,NULL,'1997-12-02 16:16:58','2021-03-16 14:45:23'),(553,53,73,'Quisquam dicta accusantium dolores cum ad quis. Assumenda sit odio voluptatem maiores ullam voluptas. Aut repellendus error eveniet minima est. Praesentium explicabo et unde ullam ipsum corrupti ea sit.',0,1,1,'1994-01-15 23:41:32','2021-03-16 14:45:23'),(554,54,7,'Debitis aut et reprehenderit voluptatum asperiores autem. Quia recusandae sunt perferendis aut et temporibus est vitae. Qui dolorem velit assumenda.',1,0,NULL,'1974-02-10 09:07:09','2021-03-16 14:45:23'),(555,55,65,'Eius illo itaque ea. Porro et et beatae ut ut ad. Reiciendis quam repudiandae ad est quasi iure numquam.',1,1,1,'1977-11-25 09:58:41','2021-03-16 14:45:23'),(556,56,99,'Distinctio corporis voluptatem esse sint numquam. Ex dicta porro in in corrupti tempore. Voluptate debitis reprehenderit perferendis.',0,1,0,'1981-02-13 14:49:04','2021-03-16 14:45:23'),(557,57,85,'Nihil nesciunt placeat doloremque. Molestiae est quia nemo. Dolorem quod mollitia possimus ullam.',0,0,NULL,'1983-01-09 19:06:14','2021-03-16 14:45:23'),(558,58,83,'Dolor quia doloribus quo. Molestias neque aspernatur veniam vero voluptas occaecati sunt. Quos culpa animi quia qui modi vitae sit. Nihil cumque hic ipsa.',0,1,1,'2004-02-18 03:51:22','2021-03-16 14:45:23'),(559,59,8,'At vel eum et iste voluptas consequatur ipsam. Pariatur enim ut dolorum vel. Labore nihil est quia ut et praesentium fugit.',1,1,1,'1974-02-24 15:59:58','2021-03-16 14:45:23'),(560,60,38,'Consequatur occaecati nobis atque accusamus dolorem. Sapiente omnis ea qui debitis natus dolores quos. Ea tempora reprehenderit itaque ut.',0,1,1,'1986-08-02 02:20:46','2021-03-16 14:45:23'),(561,61,50,'Facere ullam ratione aperiam. Ab in animi magni et. Ea ducimus expedita alias iusto.',0,0,NULL,'1979-02-03 00:20:43','2021-03-16 14:45:23'),(562,62,42,'Dicta sequi rem corporis est ut consequatur. Esse quo perferendis ut eos non. Voluptatibus aperiam ut sit nobis esse aspernatur. Ducimus enim eaque ad fugiat vitae consequatur id deserunt.',0,1,1,'1999-01-08 02:39:15','2021-03-16 14:45:23'),(563,63,6,'Ipsum repellendus voluptatem temporibus est illum veritatis nulla. Et impedit quo qui pariatur qui qui et voluptate. Aliquid autem adipisci accusantium. Sint nisi eaque qui est velit delectus asperiores.',0,1,0,'1994-05-13 05:12:02','2021-03-16 14:45:23'),(564,64,83,'Nihil dolores est ea sed repudiandae delectus. Vel officia ipsa dolor amet. Et voluptatem et nihil qui. Voluptas officiis sit iste consectetur laboriosam at. Est fugiat beatae nemo sed saepe quis.',0,1,0,'2014-06-24 14:10:50','2021-03-16 14:45:23'),(565,65,75,'Molestias aut id ut impedit voluptas id voluptas. Et consequatur quae officia quae et iste. Exercitationem ut doloremque beatae voluptatem corrupti.',1,0,NULL,'1983-11-27 22:28:50','2021-03-16 14:45:23'),(566,66,50,'Suscipit doloremque quia sunt dolorem adipisci eos sunt commodi. Dolor vel facilis debitis ratione cum voluptate ratione et. Quidem assumenda vitae et nemo. Minima rerum quos qui ipsa velit molestias corporis. Ut molestiae exercitationem reiciendis sint explicabo possimus.',1,1,0,'2020-08-21 22:20:46','2021-03-16 14:45:23'),(567,67,25,'At rerum inventore aut sunt id unde perferendis. Est et cum aperiam similique. Consectetur rem provident id. Quae praesentium in ipsum in corrupti impedit cumque accusamus. Quo ea ullam ipsam sunt officia error.',0,0,NULL,'1975-07-02 11:12:23','2021-03-16 14:45:23'),(568,68,31,'Sed laborum molestiae delectus aspernatur et dolores. At et eum maiores sed minus debitis et.',0,1,0,'1978-06-20 04:45:27','2021-03-16 14:45:23'),(569,69,70,'Accusantium aut suscipit provident nisi modi consequatur et nihil. Culpa odit expedita esse non sed aut ipsam. Repudiandae et et tempora minima libero. Dolor velit non non quod excepturi fugit. Assumenda ex id architecto.',1,1,0,'2006-08-21 22:32:54','2021-03-16 14:45:23'),(570,70,57,'Natus tenetur praesentium nostrum sit. Qui aut numquam eaque mollitia dolor minima amet. Ut aliquid esse ipsa. Repellendus id quos temporibus et.',1,0,NULL,'1986-06-10 08:02:29','2021-03-16 14:45:23'),(571,71,54,'Quia eius dolorem ut vel. Sit et est voluptatibus assumenda.',1,0,NULL,'1983-04-26 07:06:19','2021-03-16 14:45:23'),(572,72,48,'Dolor animi quam quo ea sit. Sunt fugit mollitia sint et aut fuga ullam. Odit eaque et veniam doloremque. Ipsum fuga corrupti est temporibus voluptatum sed fugit.',1,0,NULL,'1983-04-13 13:18:34','2021-03-16 14:45:23'),(573,73,45,'Ut et ullam aspernatur nulla rem ex quasi. In dolore officiis est et. Et soluta ullam voluptas quia.',0,1,1,'2005-07-16 07:26:37','2021-03-16 14:45:23'),(574,74,6,'Dignissimos nemo tempora et molestias. Illum praesentium nesciunt ea id enim beatae blanditiis. Vero quis in itaque rerum beatae officia debitis.',1,1,1,'1976-07-13 11:01:13','2021-03-16 14:45:23'),(575,75,63,'Aliquid doloremque praesentium tempore. Omnis quisquam repellendus officiis laudantium aut optio. Sapiente blanditiis ut officia eveniet sint et.',0,1,0,'1991-09-25 03:54:17','2021-03-16 14:45:23'),(576,76,8,'Nam voluptatum nihil non sint debitis. Quod recusandae sit magnam ratione unde facere iure recusandae. Natus commodi modi adipisci aliquid dolorum. Repellat mollitia rerum quaerat et accusantium. Enim sed et doloremque sed voluptas quia assumenda.',0,0,NULL,'2021-01-07 21:05:47','2021-03-16 14:45:23'),(577,77,29,'Iste nihil asperiores rerum est. Aut necessitatibus nihil rem iure vero laudantium nam.',1,0,NULL,'1991-11-23 14:32:50','2021-03-16 14:45:23'),(578,78,23,'Laboriosam sint odit ut. Rerum error velit ut ipsa sint quasi. Dolorum aliquid ab tempore et.',1,0,NULL,'2000-02-10 09:56:23','2021-03-16 14:45:23'),(579,79,43,'Culpa dolorem aut est non et quia quia vel. Minus aut consectetur et quo dignissimos. Id est ut voluptatem similique maxime qui. Et odit animi eum tenetur enim consequatur.',0,0,NULL,'1995-09-15 05:13:21','2021-03-16 14:45:23'),(580,80,27,'Ut incidunt ea est dolores ut non architecto. Et ut nihil error perferendis. Unde ea qui corporis rerum dolor porro. Aliquam sapiente mollitia quidem omnis ullam.',0,0,NULL,'1983-06-27 23:09:47','2021-03-16 14:45:23'),(581,81,36,'Similique voluptatem tempora dolorem et nulla. Veritatis provident est reprehenderit saepe sequi. Accusamus quo et natus ratione aliquid magnam sint. Commodi ab soluta qui et deserunt iste ipsam.',0,1,0,'2013-12-23 04:56:49','2021-03-16 14:45:23'),(582,82,98,'Fuga quaerat est hic ut. Accusantium doloribus qui eius adipisci earum aliquam et. Nobis vel quo blanditiis numquam. Consequuntur est illo ipsum doloremque.',0,1,1,'2001-07-24 04:59:45','2021-03-16 14:45:23'),(583,83,26,'Porro quidem est assumenda mollitia et ea ipsum omnis. Maxime ullam culpa culpa. Voluptas tempora iste ipsum qui sapiente. Accusamus rerum ipsa et enim inventore consequatur quos.',1,1,1,'1984-07-05 18:51:02','2021-03-16 14:45:23'),(584,84,27,'Consequuntur perspiciatis amet ullam corrupti. Nulla earum molestias natus quo ipsa pariatur non. Distinctio minima rerum autem. Voluptatem rem sed delectus rem sunt dolor possimus.',0,1,1,'1975-08-11 22:29:20','2021-03-16 14:45:23'),(585,85,23,'Amet repellendus necessitatibus repudiandae culpa. Expedita tenetur aut sit magni quia voluptas omnis. Quos voluptatem consectetur nesciunt vitae perferendis. Quo sint quas doloremque soluta sed facilis eveniet. Voluptate dolorum magni cupiditate voluptatem eius.',0,1,0,'2021-02-23 18:55:11','2021-03-16 14:45:23'),(586,86,71,'Eos incidunt illo quam deleniti quae iusto ducimus. Provident enim alias molestias rerum quaerat eum impedit et. Aut autem tenetur aut aut sed delectus blanditiis.',1,1,1,'1987-09-03 14:05:45','2021-03-16 14:45:23'),(587,87,65,'Ea saepe quis animi praesentium et illo. Eligendi saepe nobis numquam consequatur eaque nemo. Blanditiis esse et beatae aperiam. Quis maiores fugit autem maiores qui alias.',1,0,NULL,'2020-12-21 12:15:05','2021-03-16 14:45:23'),(588,88,9,'Sint reiciendis provident itaque fugit est qui similique autem. Sed rerum odit molestias est laboriosam sit. Earum quis ipsam aut et neque error.',1,1,0,'2017-05-11 08:41:13','2021-03-16 14:45:23'),(589,89,51,'Et quia quis ratione. Molestias et dolor optio pariatur ut qui consequatur. Nobis repudiandae similique aut quae.',0,0,NULL,'2018-04-28 15:00:06','2021-03-16 14:45:23'),(590,90,100,'Illum esse tempora numquam adipisci distinctio vel. Enim sed commodi labore molestiae exercitationem. Accusantium et omnis aut.',0,1,1,'1985-10-27 10:54:20','2021-03-16 14:45:23'),(591,91,99,'Tenetur et tenetur doloremque aspernatur corrupti rerum facilis. Nobis consequatur et dignissimos ea. Libero voluptatem optio ut. Ut quo et officiis aspernatur qui molestias. Dolore accusamus optio et libero odio nesciunt laborum.',1,1,0,'2007-11-26 02:11:28','2021-03-16 14:45:23'),(592,92,19,'Delectus veritatis excepturi eligendi nulla. Sed atque incidunt iure dolor vero est doloremque id. Est est quia qui doloremque molestias.',0,0,NULL,'2015-06-15 14:13:30','2021-03-16 14:45:23'),(593,93,95,'Veniam dicta quo tempora delectus impedit rerum. Dolores et non reprehenderit et quod assumenda. Accusamus dignissimos rerum eaque veniam reiciendis rerum inventore.',1,1,1,'1975-09-30 19:33:39','2021-03-16 14:45:23'),(594,94,78,'Aut hic nostrum illum ut. Ad odit nam suscipit eaque qui ab voluptatibus. Sed voluptatem officia cupiditate corporis.',1,1,0,'1976-09-17 22:47:00','2021-03-16 14:45:23'),(595,95,56,'Natus velit minus fuga nihil qui est doloribus. Et cupiditate sunt voluptas. Ut officia qui dolores ea dolorem alias id. Laboriosam nihil ut sit occaecati eum animi.',0,1,0,'2016-09-23 09:47:15','2021-03-16 14:45:23'),(596,96,69,'Odit explicabo cupiditate libero dolorem. Impedit et optio nam rerum fuga voluptatem quidem. Quis eum dolore quis vitae harum molestias.',1,0,NULL,'2017-12-22 01:54:46','2021-03-16 14:45:23'),(597,97,79,'Tenetur aliquam corrupti ut perspiciatis architecto ab. Non reprehenderit hic esse asperiores. Quae quas ex eius minima numquam. Itaque dignissimos autem similique rerum est nihil possimus id.',0,0,NULL,'2014-11-02 13:50:47','2021-03-16 14:45:23'),(598,98,51,'Quo vero sunt dolor beatae fugiat reprehenderit neque. Dolorum sequi amet ducimus dolor laborum porro qui ut. Sit dolores ducimus consectetur. Adipisci reiciendis qui autem veritatis iusto voluptates.',1,0,NULL,'2019-09-16 21:29:47','2021-03-16 14:45:23'),(599,99,17,'Quod non in deserunt beatae in quisquam earum. Deserunt sit esse dolores aspernatur tempore. Et accusantium aut ut.',1,0,NULL,'1974-12-09 01:38:46','2021-03-16 14:45:23'),(600,100,78,'Qui a eos consequuntur voluptas maiores vel harum. Cumque nulla voluptates dolorem. Quaerat laudantium facilis autem facere accusamus.',0,0,NULL,'1991-10-20 05:23:47','2021-03-16 14:45:23'),(601,1,70,'Unde consequatur non maiores aperiam aut. Voluptate ut temporibus illum illo ad voluptatem voluptatem. In possimus velit dolor. Sint ullam enim magnam repellat inventore minus eligendi.',0,1,1,'1979-02-27 07:52:10','2021-03-16 14:45:23'),(602,2,34,'Animi labore et aut illum dolorem reprehenderit. Quia sit quia fugiat natus et. Quo rerum natus dolorum qui.',1,1,0,'1984-11-20 18:38:06','2021-03-16 14:45:23'),(603,3,55,'Qui eum amet fugit. Officiis qui perferendis et voluptatum ducimus qui dolore. Laudantium ut perspiciatis beatae ab et odit.',1,1,0,'2021-03-13 07:20:10','2021-03-16 14:45:23'),(604,4,24,'Est eos rerum alias nulla dolorum. Sit et culpa perspiciatis. Dolor velit veritatis quod.',0,1,1,'2000-03-23 11:55:29','2021-03-16 14:45:23'),(605,5,15,'Explicabo quis dicta nam dolor sed nam. Quaerat sit possimus quae sed quae voluptatem nobis. Repellendus pariatur dicta voluptatem accusamus molestiae.',1,1,0,'2003-06-23 23:51:09','2021-03-16 14:45:23'),(606,6,47,'Dolorum deleniti et in sunt et sint cum. Omnis qui quam recusandae et dolorem est voluptatem. Non nobis labore aperiam vero aliquam rerum.',0,0,NULL,'1986-04-02 13:14:00','2021-03-16 14:45:23'),(607,7,27,'Amet architecto nam repudiandae et officia et omnis. Qui quia voluptas consectetur nostrum blanditiis numquam. Voluptates repellendus commodi asperiores eos ea.',1,0,NULL,'1999-07-15 04:23:49','2021-03-16 14:45:23'),(608,8,89,'Iusto optio nesciunt iure qui aspernatur. Blanditiis est mollitia error enim doloremque ratione nihil. Molestiae blanditiis ut et cupiditate dignissimos fugiat nisi. Velit nemo eum quo tempora totam et facere.',1,0,NULL,'1992-11-05 23:21:47','2021-03-16 14:45:23'),(609,9,2,'Maiores labore voluptas unde. Possimus tempora qui sint corrupti voluptas. Qui quo aut aut placeat expedita aliquam nemo a. Aliquid corrupti omnis id quidem suscipit hic vitae.',0,1,0,'1985-02-03 17:13:48','2021-03-16 14:45:23'),(610,10,4,'Laboriosam occaecati ut officia sed. Consequatur itaque molestias rerum et officiis dicta. Natus porro officia aperiam maiores similique.',0,1,0,'1987-10-25 07:35:00','2021-03-16 14:45:23'),(611,11,12,'Sit et corrupti quo corrupti consectetur labore. Voluptatibus eaque ea et similique adipisci eaque. Modi dolores expedita quae pariatur velit sed qui voluptatem.',1,0,NULL,'1988-01-12 21:27:02','2021-03-16 14:45:23'),(612,12,99,'Tempora necessitatibus et blanditiis dolores dolorem officia. Nisi laudantium aut voluptatem blanditiis et ab eligendi. Aut amet eum voluptate provident placeat. Voluptas vel eos commodi omnis dicta.',0,1,1,'1981-02-01 20:52:25','2021-03-16 14:45:23'),(613,13,74,'Quae dolore officiis debitis sit modi. Repudiandae ut provident aut atque autem nesciunt vero. Quos sint dolorem temporibus saepe ad similique illo vel. Maxime dolores ratione illum voluptatibus et officiis.',0,1,1,'1997-02-12 04:20:59','2021-03-16 14:45:23'),(614,14,46,'Quia veniam delectus alias nihil veniam. Aut omnis itaque est commodi excepturi. Soluta qui omnis accusantium dolore occaecati ratione. Qui delectus voluptas quia aspernatur esse accusamus optio quidem.',0,1,0,'2002-08-11 15:03:20','2021-03-16 14:45:23'),(615,15,18,'Necessitatibus provident fuga cum nulla sunt numquam. Voluptatem aut maiores et et. Eum facilis ea nihil sunt qui ipsum ea. Blanditiis similique error dolores vero.',1,0,NULL,'2016-04-30 09:52:48','2021-03-16 14:45:23'),(616,16,7,'Qui et omnis soluta. Suscipit ab vel ut eum reiciendis illum dolor. Magnam fugiat fugit nulla. Molestiae impedit ea assumenda culpa est. Recusandae assumenda sint in libero.',1,0,NULL,'1984-06-15 11:19:13','2021-03-16 14:45:23'),(617,17,34,'Qui deleniti assumenda quaerat recusandae. Quam pariatur nobis minima ut placeat ipsam pariatur perferendis.',0,0,NULL,'2016-03-21 08:59:15','2021-03-16 14:45:23'),(618,18,30,'Hic iusto et commodi molestiae. Cupiditate eaque ad similique consequatur voluptatem error. Vitae sint rerum excepturi sit.',0,1,1,'1983-04-15 01:05:05','2021-03-16 14:45:23'),(619,19,67,'Adipisci cum reprehenderit accusamus quo aperiam. Ut fugit perferendis possimus unde ut. Reiciendis deserunt aut sit possimus.',1,1,0,'2014-04-29 13:56:34','2021-03-16 14:45:23'),(620,20,78,'Aut numquam non sint est magni esse. Et praesentium sint natus et aperiam. At optio aliquid voluptatem.',1,0,NULL,'2020-03-19 19:13:00','2021-03-16 14:45:23'),(621,21,85,'Sit autem voluptatem consequatur debitis. Velit et molestias est maiores qui eveniet eos. Quia facilis sapiente nihil neque minima quia. Delectus adipisci ut minima fuga ut ab. Tempore voluptas ducimus atque expedita autem.',0,0,NULL,'1990-10-25 12:08:28','2021-03-16 14:45:23'),(622,22,87,'Sed voluptatum beatae sed ut aut. Fugit error itaque laborum nesciunt nemo ratione. Est error rerum autem. Non illo quod ut dolorum odio omnis id id.',1,0,NULL,'1983-09-11 15:07:38','2021-03-16 14:45:23'),(623,23,10,'Sunt incidunt nihil repellat ut totam. Cum atque quod porro et. Hic laudantium similique quasi quidem. Sunt iste et quia reiciendis molestiae unde sed unde.',0,0,NULL,'1992-06-08 12:45:12','2021-03-16 14:45:23'),(624,24,6,'Error porro quam dolorem sed blanditiis quae in aut. Repellendus et placeat soluta consequatur fugit ipsum adipisci maxime. Fugit possimus ipsam aliquam. Aut illum accusantium in repellendus libero enim repellat.',1,1,1,'2011-04-07 04:25:06','2021-03-16 14:45:23'),(625,25,67,'Qui illo ab voluptatibus labore dolorem ut. Architecto beatae eius exercitationem numquam quae quia. Quibusdam cupiditate et pariatur debitis. Aut alias et sit ut. Nam architecto et tenetur.',1,1,0,'1977-06-27 19:04:35','2021-03-16 14:45:23'),(626,26,38,'Quod facilis inventore voluptatibus id qui sint dolorem aut. Distinctio earum aspernatur vitae magnam libero et. Exercitationem similique aperiam aliquam vel. Dolorum est dolores delectus neque quod doloribus dolore ab.',1,1,0,'1981-03-17 06:30:00','2021-03-16 14:45:23'),(627,27,12,'Nostrum maiores consequuntur ipsa nam et nesciunt et nihil. Nobis doloremque est saepe eaque sed debitis et. Autem id eos temporibus. Itaque sit molestias qui exercitationem quasi.',0,1,1,'1990-03-10 00:08:35','2021-03-16 14:45:23'),(628,28,35,'Quam maxime delectus non labore. Impedit rerum possimus odit et. Sed aspernatur amet culpa id itaque.',1,1,0,'2020-02-06 05:12:00','2021-03-16 14:45:23'),(629,29,48,'Illo soluta modi maxime laboriosam iure. Natus ex delectus voluptatem a nisi voluptatem. Odio esse reprehenderit quia error. Qui blanditiis porro amet culpa.',0,1,0,'2011-02-11 13:13:40','2021-03-16 14:45:23'),(630,30,17,'Tenetur perspiciatis omnis sed dolores tenetur in qui. Qui voluptatem impedit distinctio asperiores perspiciatis provident. Ea est rem quia nesciunt excepturi qui.',0,0,NULL,'2011-10-29 01:20:59','2021-03-16 14:45:23'),(631,31,94,'Ea rerum architecto deleniti. Et necessitatibus quia neque quasi velit accusamus. Exercitationem dicta et optio nesciunt ipsum animi. Qui consectetur tempore natus excepturi non qui. Et incidunt ducimus in deleniti sit natus ut.',1,0,NULL,'1980-04-18 16:46:33','2021-03-16 14:45:23'),(632,32,16,'Error molestiae eius dicta aut ratione sed ducimus itaque. Eveniet eveniet ut quos modi nam quam aut rerum. Nisi quod molestias inventore dolores ex. Qui dolore eveniet voluptatem autem.',1,0,NULL,'1981-04-15 13:23:58','2021-03-16 14:45:23'),(633,33,88,'Dolores illum et error ad saepe eos laborum adipisci. Et laudantium dolores amet ex reiciendis. Quasi dolorum non natus soluta quos reiciendis. Nobis molestiae aut mollitia a autem occaecati tempore.',0,0,NULL,'1974-07-30 11:12:26','2021-03-16 14:45:23'),(634,34,99,'Molestiae qui repudiandae adipisci quia minima aspernatur. Ex ut et esse. Quo sed doloremque tenetur totam sed consequuntur qui. Voluptate possimus repellendus neque aperiam.',0,1,1,'1985-09-13 03:08:58','2021-03-16 14:45:23'),(635,35,19,'Aut accusantium in aut vero soluta provident inventore veniam. Et est culpa quia iste molestias labore. Et explicabo cumque quo sed quo qui. Animi nesciunt voluptatem id enim assumenda molestiae. Optio nesciunt dolore provident consequuntur praesentium optio.',1,1,1,'2002-10-19 07:18:18','2021-03-16 14:45:23'),(636,36,76,'Fugiat laudantium exercitationem aut et ut. Pariatur est iste aut voluptas minus aperiam quibusdam. Reiciendis molestias eum eum illum enim hic voluptatum.',0,0,NULL,'1971-03-15 13:34:09','2021-03-16 14:45:23'),(637,37,67,'Nesciunt nisi aliquam occaecati neque debitis. Sint mollitia esse impedit veniam aspernatur maiores quo. Perferendis nesciunt eligendi quis est est blanditiis. Numquam non architecto occaecati alias sed blanditiis facere ratione.',1,0,NULL,'1972-05-17 12:24:17','2021-03-16 14:45:23'),(638,38,48,'Numquam quas possimus voluptatibus ut minima. Est ea atque eum eaque suscipit. Eos voluptatem iusto aut. Quo culpa dolores nostrum inventore reprehenderit. Quibusdam neque non aut et nihil.',1,1,1,'2019-06-07 07:48:55','2021-03-16 14:45:23'),(639,39,90,'Itaque et provident tenetur. Doloribus vero ipsum dolorem esse deserunt. Consequatur rem rerum omnis eius cum et. Quae aperiam officia et cupiditate maiores.',1,0,NULL,'2001-12-29 05:27:44','2021-03-16 14:45:23'),(640,40,11,'Suscipit ducimus totam aut. Quasi corrupti dignissimos quia amet non.',0,0,NULL,'1980-06-27 21:05:11','2021-03-16 14:45:23'),(641,41,75,'Et animi assumenda et est error est. Sunt pariatur tenetur enim sunt molestias. Aperiam dolorem neque perferendis doloremque numquam. Laudantium minus doloribus itaque labore.',1,1,0,'1989-04-02 10:09:44','2021-03-16 14:45:23'),(642,42,9,'Consectetur et rerum alias non ipsum. Dolores qui quia provident officiis dolore enim neque. Asperiores est reiciendis et velit perferendis sed qui deleniti. Qui sed animi qui nihil rerum vel culpa sed.',1,1,1,'2006-12-19 05:57:38','2021-03-16 14:45:23'),(643,43,85,'Ipsa ea eos sed et aut. Alias voluptatem minima ut saepe eum dolores. Delectus nam debitis facere necessitatibus a. Et omnis unde eum voluptatem occaecati consequatur excepturi.',1,0,NULL,'1974-06-26 22:04:45','2021-03-16 14:45:23'),(644,44,14,'Quaerat dolores enim et est. Voluptatibus et consectetur quam quo rerum ea dolorum voluptas. Consequatur adipisci et est ad ut enim. Voluptatem incidunt commodi nostrum labore totam est. Magni sint repellat nemo eum.',1,1,1,'2011-09-16 05:50:32','2021-03-16 14:45:23'),(645,45,46,'Est ut facilis quia vel et veniam. Nostrum sint similique blanditiis pariatur voluptas omnis. Sunt ut unde nostrum consequatur aut voluptatem debitis.',0,0,NULL,'2020-08-07 00:57:43','2021-03-16 14:45:23'),(646,46,17,'Facere iste rerum ratione nulla veritatis ut sequi. Qui nobis quia consequatur accusantium. Sed eligendi officiis ipsa aut quis id placeat aut.',0,1,0,'2003-12-29 06:08:48','2021-03-16 14:45:23'),(647,47,21,'Ut non ab esse qui ipsa amet itaque quam. Quo quo exercitationem magni ut id sit dolores. Quidem fugit libero sapiente blanditiis. Dolores sed et omnis id.',0,0,NULL,'2010-02-09 12:30:13','2021-03-16 14:45:23'),(648,48,73,'Quo aliquam ut voluptatem laboriosam deserunt voluptate. Deserunt maxime minima quaerat. Possimus et et est a sapiente ut quae.',0,0,NULL,'1990-02-18 04:48:49','2021-03-16 14:45:23'),(649,49,31,'Iusto sapiente corporis similique eos illum. Facere earum molestiae et. Molestiae adipisci dolores ipsam. Repudiandae dolor quo deserunt qui.',1,1,1,'1970-11-27 10:53:23','2021-03-16 14:45:23'),(650,50,40,'Optio eveniet corrupti omnis ratione. Est delectus molestiae assumenda. Eos ex aut et ex est.',1,0,NULL,'1999-05-17 07:01:33','2021-03-16 14:45:23'),(651,51,14,'Mollitia maiores eum beatae nihil. Possimus et beatae itaque impedit vel adipisci id.',1,0,NULL,'1998-10-20 06:48:13','2021-03-16 14:45:23'),(652,52,40,'Nostrum odit culpa voluptas a ducimus ab assumenda. Voluptas saepe quasi totam dolorum minus autem. Aut ducimus vitae cumque sit ad illo rerum. Molestias quis quia voluptatibus nobis suscipit.',1,1,0,'2004-02-25 15:17:41','2021-03-16 14:45:23'),(653,53,73,'Minus quod sapiente adipisci saepe repellat. Ut et laborum numquam. Rem nihil eum autem officia dolor explicabo ex.',1,1,0,'1981-07-22 02:48:20','2021-03-16 14:45:23'),(654,54,5,'Fuga itaque ut eos qui. Asperiores expedita voluptas placeat reprehenderit voluptates temporibus culpa quasi.',1,1,0,'2012-04-27 17:03:47','2021-03-16 14:45:23'),(655,55,78,'Consequatur nostrum molestias exercitationem aut error. Consequatur veritatis nihil qui dignissimos. Dolores maiores doloribus quae dolorem id nam magni. Earum placeat fuga praesentium.',0,1,0,'1990-08-15 09:44:32','2021-03-16 14:45:23'),(656,56,91,'Odit dolorem est et ut excepturi. Vel molestiae est consequatur commodi voluptatum ipsam. Fuga illo sunt doloribus et ex magni est. Libero maiores quia quo ipsum voluptas eos repellendus.',1,1,1,'2018-10-26 02:06:55','2021-03-16 14:45:23'),(657,57,20,'Aut delectus aut in et amet labore. Laborum animi vel et debitis. Repellendus totam qui autem deleniti perspiciatis repudiandae. Sint neque at cumque perspiciatis est dolor corporis. Enim sunt assumenda ut dolor aut sequi.',1,0,NULL,'2015-06-02 22:16:16','2021-03-16 14:45:23'),(658,58,9,'Cum vitae repellat corporis possimus. Possimus nemo voluptates exercitationem ducimus. Iure est aut recusandae nemo unde. Et est consequuntur et vel.',0,0,NULL,'2005-10-13 16:09:29','2021-03-16 14:45:23'),(659,59,50,'Molestiae nihil accusamus enim unde nemo. Totam tempore animi voluptatem ipsa quia fuga. Eveniet nulla ut temporibus sunt corrupti nesciunt quod facere. Nemo quod quia aspernatur voluptas harum perferendis qui ipsum. Nulla nemo sed corrupti sed.',1,1,0,'2011-01-22 12:53:32','2021-03-16 14:45:23'),(660,60,57,'Perspiciatis aut sit odio corporis. Maiores et excepturi aliquid praesentium. Explicabo minus aut doloribus ut non.',1,0,NULL,'1972-06-19 20:28:02','2021-03-16 14:45:23'),(661,61,42,'Quibusdam ut error voluptas nemo ut. Iste nihil aut rerum explicabo nam. Qui doloribus occaecati earum ut ducimus. Commodi est alias et omnis consequatur voluptates.',0,0,NULL,'2018-06-15 17:51:19','2021-03-16 14:45:23'),(662,62,95,'Nulla possimus minima maxime. Vel quis quo et eligendi rerum aut laudantium commodi. Quam nam ea placeat dicta mollitia alias quis recusandae. Qui provident dolore amet neque et.',1,1,1,'2018-12-03 15:50:13','2021-03-16 14:45:23'),(663,63,11,'Laudantium est necessitatibus esse et nemo reprehenderit. Ex in et odio corrupti aut. Totam dolorum eligendi sed labore laborum et veritatis. Earum eveniet provident occaecati consequatur. Dolor ratione quo non sapiente vel est ut.',0,1,1,'1996-05-21 00:30:56','2021-03-16 14:45:23'),(664,64,84,'Molestiae rerum maxime et et harum ea enim. Rerum adipisci voluptates eius cum. Iste qui officia tenetur optio laboriosam. Officia ratione autem et atque est eveniet molestiae fuga.',0,1,0,'1976-11-16 00:06:17','2021-03-16 14:45:23'),(665,65,91,'Qui nisi quo ut veniam. Assumenda impedit in veritatis qui. Laudantium nam sit totam. Facere aspernatur architecto qui et in iste.',1,0,NULL,'2003-01-27 07:07:06','2021-03-16 14:45:23'),(666,66,9,'Error enim voluptas explicabo atque commodi expedita. Voluptatibus ut in voluptatem distinctio quia perferendis repudiandae explicabo. Aliquid asperiores et id vitae nisi aut.',1,0,NULL,'2016-04-08 15:48:43','2021-03-16 14:45:23'),(667,67,48,'Corporis velit laudantium in maxime delectus. Quia nam quo molestiae rerum ex officia. Dolores suscipit saepe voluptatem et aliquid non.',1,0,NULL,'2014-04-11 16:33:03','2021-03-16 14:45:23'),(668,68,69,'Quidem ea voluptatem quia sit unde delectus. Commodi quia autem sit amet adipisci voluptates. Magnam incidunt ab ratione.',1,0,NULL,'2010-08-04 05:57:34','2021-03-16 14:45:23'),(669,69,80,'Vel voluptates distinctio dolor assumenda deserunt eum. Omnis voluptate quia rerum deleniti enim et voluptate. Aut qui odio pariatur sed cumque voluptas earum quibusdam. Quia facere ut voluptatibus porro enim. Quod quae velit porro similique.',0,1,1,'1980-06-22 03:18:58','2021-03-16 14:45:23'),(670,70,3,'Omnis aut tenetur et in doloribus amet. Aut rem repellat error. Dolore consequatur rerum qui vero.',0,0,NULL,'1987-04-06 18:51:26','2021-03-16 14:45:23'),(671,71,69,'Itaque atque vitae voluptatum dolores totam vero est dolores. Dolor id impedit earum. Iusto voluptas consectetur voluptas quos illum quo inventore.',0,1,1,'2019-07-29 12:08:26','2021-03-16 14:45:23'),(672,72,56,'Distinctio tempore placeat totam. Deserunt ex sit assumenda mollitia quibusdam dignissimos doloremque delectus. Excepturi cumque sit qui ullam voluptatum facilis.',0,0,NULL,'1977-06-11 16:28:04','2021-03-16 14:45:23'),(673,73,7,'Asperiores sequi velit nihil expedita quos. Dolores aut nulla consequatur asperiores et enim rerum. Officiis repellendus ea exercitationem rem. Labore repellendus ut dolores qui dolor et.',0,0,NULL,'2010-10-21 10:37:49','2021-03-16 14:45:23'),(674,74,69,'Necessitatibus est ipsa ab veritatis molestiae occaecati iure. Omnis odio alias officia illum labore odio laborum.',1,0,NULL,'1977-10-28 22:17:53','2021-03-16 14:45:23'),(675,75,13,'Iste minus autem et quia. Modi nihil dolor deleniti perspiciatis. Laboriosam reprehenderit et fugiat magnam molestiae adipisci repellendus. Sit in quidem repudiandae dolore impedit fugit nam fugit.',1,1,0,'1989-03-12 14:53:59','2021-03-16 14:45:23'),(676,76,58,'Necessitatibus occaecati aut sunt pariatur. Et assumenda tenetur temporibus magni eligendi et magni. Asperiores blanditiis pariatur autem inventore aliquam.',1,0,NULL,'1977-07-17 14:53:50','2021-03-16 14:45:23'),(677,77,45,'Qui tempora soluta quod sint iure itaque et possimus. Autem dolores impedit modi nemo cupiditate.',1,1,0,'2014-12-18 23:15:52','2021-03-16 14:45:23'),(678,78,23,'Tempore cum tenetur nihil quod. Et minus eum consequatur quia. Nobis omnis suscipit ut veritatis. Sint suscipit debitis saepe et necessitatibus sed.',0,0,NULL,'1971-05-01 18:04:27','2021-03-16 14:45:23'),(679,79,22,'Excepturi asperiores sit repudiandae placeat eum. Animi cupiditate expedita voluptatem.',0,0,NULL,'1999-12-15 13:54:18','2021-03-16 14:45:23'),(680,80,99,'Ratione inventore quas provident sint qui voluptas dolore. Hic adipisci non cumque commodi consequuntur praesentium quae saepe. Sequi nesciunt enim est et qui beatae ad.',0,1,0,'1992-06-13 13:00:52','2021-03-16 14:45:23'),(681,81,96,'Hic magni quae qui eaque. Non saepe optio eaque adipisci voluptate. Totam sed incidunt qui id. Quidem fugit et porro aut quidem quasi.',1,0,NULL,'1991-01-13 22:50:39','2021-03-16 14:45:23'),(682,82,28,'Aut recusandae porro inventore sed aut eaque unde. Animi nam molestias quod in ut voluptatem consequatur sunt. Earum blanditiis voluptatibus perferendis repudiandae ipsum. Et qui rerum facere eum repudiandae.',1,0,NULL,'2013-09-04 14:22:52','2021-03-16 14:45:23'),(683,83,90,'Necessitatibus velit eum ut quam ut veritatis ducimus commodi. Illum ut eos expedita nesciunt aperiam. Rerum atque quod incidunt doloremque accusamus.',0,0,NULL,'1994-05-30 23:53:19','2021-03-16 14:45:23'),(684,84,61,'Dignissimos unde perspiciatis quae dolore voluptas maiores harum. Facere magni corporis et consequuntur inventore. Aliquam molestias accusamus molestiae qui accusamus nihil exercitationem fuga. Nihil cumque repudiandae unde omnis unde quaerat ad possimus.',0,1,1,'1993-12-08 08:06:06','2021-03-16 14:45:23'),(685,85,76,'Accusamus est accusamus omnis velit voluptas nobis et. Dignissimos id consequatur necessitatibus minus nesciunt quis. Porro aut error sunt tenetur atque.',0,1,1,'2010-06-25 13:56:13','2021-03-16 14:45:23'),(686,86,95,'Magni molestias aut qui rerum id molestias consequatur. Recusandae voluptas est rem. Minus dolor aperiam sint et. Ipsa molestias maiores rerum.',1,0,NULL,'1987-02-21 17:00:35','2021-03-16 14:45:23'),(687,87,78,'Eum aspernatur fuga tempore autem incidunt impedit quis. Asperiores nemo ab a perferendis. Est laudantium sint soluta a possimus.',1,1,0,'1985-05-15 05:48:13','2021-03-16 14:45:23'),(688,88,61,'Voluptatum veniam assumenda vero maxime ut possimus. Aspernatur sed velit maiores odit nemo. Eligendi ipsa laboriosam ducimus amet qui ipsum sed.',1,0,NULL,'1974-12-05 02:57:06','2021-03-16 14:45:23'),(689,89,38,'Dolorum quia ut consequatur porro voluptatibus ut. Suscipit voluptas nostrum veritatis laborum saepe rerum. Excepturi sint placeat ab natus tempora. Qui temporibus asperiores perferendis dolore hic temporibus aut similique.',1,1,1,'2012-03-22 03:10:49','2021-03-16 14:45:23'),(690,90,84,'Porro corporis magnam et labore. Dolor enim itaque aperiam in aut. Ea ab est nostrum soluta unde similique labore.',0,1,1,'1979-02-01 09:47:39','2021-03-16 14:45:23'),(691,91,14,'Et impedit expedita nam nisi suscipit. Voluptatem sint culpa sequi aliquam. Libero quia dolor quo accusantium.',0,1,0,'1985-02-04 09:38:28','2021-03-16 14:45:23'),(692,92,7,'Modi dolores quas non et aspernatur unde eum. Accusamus iusto recusandae unde dignissimos. Consequatur aut minus ut dolor quaerat sed.',0,0,NULL,'1996-09-04 03:55:24','2021-03-16 14:45:23'),(693,93,67,'Modi est molestiae tempora aut. Veniam est facere ea blanditiis est. Culpa ipsam ipsa labore non cupiditate.',0,1,1,'1976-09-27 15:10:58','2021-03-16 14:45:23'),(694,94,81,'Dolore est ipsa quaerat eveniet rem. Exercitationem enim saepe laudantium doloribus ex nulla odit. Qui voluptatem et dolorem ea illum rem. Et non assumenda culpa aut.',0,1,1,'1970-06-05 01:46:38','2021-03-16 14:45:23'),(695,95,89,'Adipisci aspernatur tempore voluptas dolorem. Eum tempore sit voluptatem inventore voluptatem rerum. Repellendus maiores ut pariatur eveniet praesentium quia nostrum.',1,1,0,'2003-08-23 13:21:58','2021-03-16 14:45:23'),(696,96,72,'Hic qui in id earum nobis quo tenetur. Dolorem possimus excepturi tempora asperiores eveniet est. Optio quibusdam aliquid enim magnam. Vero iure illum laborum.',1,1,0,'1985-01-16 11:05:08','2021-03-16 14:45:23'),(697,97,60,'Qui sint officia delectus repudiandae. Reiciendis adipisci beatae qui tenetur tempora. Delectus adipisci voluptates reprehenderit magnam dolorum sit molestiae ipsum. Nam enim ea qui. Illum exercitationem repellendus excepturi repellendus officia iure.',0,0,NULL,'1997-07-03 04:24:42','2021-03-16 14:45:23'),(698,98,28,'Magnam et maiores maxime eum. Quisquam quia nostrum facere quia et omnis. Magnam odit ad eos sunt. Qui quia hic eaque voluptas sint consequatur.',1,0,NULL,'2005-03-08 00:51:52','2021-03-16 14:45:23'),(699,99,49,'Recusandae hic eos magni ea quo. Dicta aspernatur nemo voluptatem aspernatur. Aut mollitia maiores omnis voluptatum reiciendis sunt.',1,0,NULL,'2000-01-14 16:19:30','2021-03-16 14:45:23'),(700,100,13,'Quo consequatur aut molestias voluptatem officiis nulla fugit. Nesciunt reprehenderit quas nemo ea occaecati laborum maxime. Sit perferendis ut sed.',0,0,NULL,'1977-11-18 21:20:44','2021-03-16 14:45:23'),(701,1,79,'Sit aliquid ea et eaque est deserunt consequuntur. Occaecati non animi architecto voluptatibus non. Autem alias inventore rerum.',0,0,NULL,'2006-10-31 00:07:47','2021-03-16 14:45:23'),(702,2,96,'Praesentium iusto placeat non. Consectetur hic voluptas voluptas libero perferendis. Magnam praesentium fugit aperiam voluptate eum commodi nesciunt. Libero porro soluta qui quaerat.',1,1,0,'1974-03-31 07:50:48','2021-03-16 14:45:23'),(703,3,7,'Incidunt nisi natus at ut voluptatibus ea enim explicabo. Corporis ut ut inventore at quod sint eum. Doloremque ab molestias ducimus eaque eos dolor rerum.',0,0,NULL,'2008-03-30 01:57:09','2021-03-16 14:45:23'),(704,4,75,'Reiciendis perspiciatis omnis cumque et amet est quas. Blanditiis a error nostrum est ex. Ipsam sint sint cumque voluptas dicta. Maiores fuga fugiat eos voluptatem cumque eum quam qui.',0,1,1,'2015-07-18 00:26:46','2021-03-16 14:45:23'),(705,5,56,'Provident commodi in dolore ullam corrupti laboriosam nulla. Illum est dolorem sint minus vel. Molestiae optio doloribus occaecati debitis optio et et.',1,1,1,'1990-12-18 15:22:09','2021-03-16 14:45:23'),(706,6,80,'Mollitia beatae iure eos dignissimos magnam non ea est. Odio voluptatem qui in aut temporibus. Natus dolorem occaecati est repellat qui minus quos quia.',0,1,0,'1972-02-22 09:50:58','2021-03-16 14:45:23'),(707,7,4,'Temporibus ut ullam quidem dolore. Eum non tenetur vel ducimus eos suscipit porro neque. Nam molestias dolores quod vitae magnam quidem culpa.',0,1,0,'2004-05-06 04:49:47','2021-03-16 14:45:23'),(708,8,64,'Aliquid dolorum laborum tenetur modi qui assumenda culpa enim. Eum natus sunt officiis laudantium itaque quod magnam. Quia modi quaerat saepe. Adipisci molestiae suscipit dolorem. Alias nisi eius cupiditate maiores temporibus.',0,0,NULL,'2009-05-31 21:28:11','2021-03-16 14:45:23'),(709,9,73,'Pariatur quas ut aut voluptatem sint. Debitis dolores quisquam in minus fugit. Cum illum in voluptatem qui. Omnis est repellat sit voluptatem fugit voluptas est neque.',0,1,0,'1997-08-27 02:21:19','2021-03-16 14:45:23'),(710,10,85,'Quis consectetur recusandae et sint. Ratione voluptatibus dolores molestiae hic voluptatem dolor.',1,0,NULL,'1971-10-06 14:08:57','2021-03-16 14:45:23'),(711,11,45,'Esse est rerum accusantium itaque. Facilis quisquam cumque vel minima qui minima. Maxime quia accusantium quas explicabo amet et minima. Rerum ut sunt natus ipsam voluptatem odit.',0,0,NULL,'1982-08-23 07:25:25','2021-03-16 14:45:23'),(712,12,50,'Repellat in nesciunt ad quia voluptatibus nihil. Modi repellendus beatae voluptas exercitationem. Numquam natus ullam explicabo et voluptatem. Quia voluptatem neque et natus tempora quas.',1,1,0,'1996-02-07 18:03:06','2021-03-16 14:45:23'),(713,13,97,'Et ab pariatur soluta. Et autem minima similique. Ullam natus temporibus rerum fugiat maxime porro quam.',1,0,NULL,'2003-01-31 07:17:43','2021-03-16 14:45:23'),(714,14,51,'Dignissimos asperiores quod sint rerum quibusdam. Nisi rerum dicta consequuntur dolores et. Reiciendis esse aspernatur consequatur occaecati in repudiandae id. Libero aliquam porro vel impedit.',1,1,0,'1998-10-22 08:41:36','2021-03-16 14:45:23'),(715,15,69,'Cumque similique dolorum repellat blanditiis soluta quis ut corporis. Ullam architecto temporibus rerum autem. Soluta iste voluptatem cumque similique non labore.',1,0,NULL,'2011-08-05 22:10:25','2021-03-16 14:45:23'),(716,16,90,'Non voluptate nemo ipsum molestiae. Sit placeat dolores et ipsam. Nam quae quas delectus temporibus dolor asperiores. Temporibus nesciunt ad iure voluptate voluptatum nulla debitis. Eveniet velit sed magnam quasi ex.',0,0,NULL,'2006-06-14 13:06:54','2021-03-16 14:45:23'),(717,17,37,'Modi nemo et error repellat quis. Ullam nesciunt maiores porro. Accusamus ut pariatur ut sit nulla aspernatur.',0,0,NULL,'1971-01-20 11:53:21','2021-03-16 14:45:23'),(718,18,85,'Saepe et excepturi nihil labore. Ut laboriosam corrupti animi similique.',0,0,NULL,'1996-09-30 07:58:11','2021-03-16 14:45:23'),(719,19,86,'Quasi numquam dolor exercitationem quae ipsum ut et. Nemo ipsum iusto omnis aliquam. Repellendus temporibus eos sit cum.',1,1,1,'2003-11-05 15:47:29','2021-03-16 14:45:23'),(720,20,87,'Facere aut est molestiae quibusdam. Impedit qui ipsam voluptate beatae minima. Aut vitae nostrum fugiat qui sunt. Consequuntur inventore fugiat earum maiores modi.',1,1,0,'1992-06-15 17:37:04','2021-03-16 14:45:23'),(721,21,57,'Et libero alias qui dolorem aut. Quae ad quia nihil vero soluta eos. Et quasi et voluptas ad earum autem aperiam voluptas. Aliquid quia atque voluptate occaecati.',1,0,NULL,'1988-06-12 05:40:08','2021-03-16 14:45:23'),(722,22,52,'Voluptatum vel et quod id aperiam. Eius fugiat rerum maiores. Dolor nobis sunt blanditiis et et. Qui consequuntur aperiam rerum dolorem natus iure.',0,1,0,'2017-09-19 14:57:39','2021-03-16 14:45:23'),(723,23,11,'Eum voluptatem odit et commodi. Harum sit explicabo quidem voluptatum quia. Dolor ipsam molestiae autem labore temporibus. Repellat cupiditate voluptates et non aut.',0,1,0,'2006-06-10 04:38:44','2021-03-16 14:45:23'),(724,24,28,'Consequatur molestiae sit numquam error omnis sunt maiores. Optio voluptate soluta magni sint odit placeat autem. Mollitia repellat corrupti temporibus reprehenderit odit quis dolor natus.',0,0,NULL,'1974-09-09 22:17:19','2021-03-16 14:45:23'),(725,25,86,'Ducimus neque sunt nobis consectetur porro nihil mollitia. Ut reprehenderit nam enim iure et nostrum natus. Voluptatem illum commodi libero soluta.',1,1,1,'1972-11-09 04:09:34','2021-03-16 14:45:23'),(726,26,5,'Nesciunt modi quibusdam eum ea voluptatem. Eum incidunt qui ut esse.',0,1,0,'2002-08-29 16:41:32','2021-03-16 14:45:23'),(727,27,11,'Dicta voluptate est voluptate corporis libero voluptatem. Sit quae illo libero beatae corrupti nesciunt. Eum dicta ut odio eligendi repellendus voluptatibus ea.',0,1,1,'1998-09-27 23:22:39','2021-03-16 14:45:23'),(728,28,42,'Non et non quas ex animi eos id. Commodi quasi praesentium sequi id ipsam delectus. Velit esse sint sed est voluptatum et.',0,0,NULL,'2016-03-18 09:13:58','2021-03-16 14:45:23'),(729,29,78,'Adipisci quidem eos aut voluptatibus nihil. Ut placeat dolores in in. Ut sed mollitia repudiandae aut.',1,0,NULL,'1988-02-27 14:27:01','2021-03-16 14:45:23'),(730,30,86,'Dolor delectus magnam hic officiis amet et ea sed. Dolor sequi nisi impedit. Et dolor quod ea ut aut.',1,0,NULL,'2001-03-27 00:29:15','2021-03-16 14:45:23'),(731,31,48,'Placeat praesentium sint nihil eum. Ad nobis deleniti quidem molestiae consectetur omnis eaque. Repellendus asperiores et id quia amet inventore recusandae.',1,0,NULL,'1987-04-12 17:31:52','2021-03-16 14:45:23'),(732,32,38,'Aut et ducimus aperiam neque minus recusandae fugiat. Ea ut totam velit. Et fugiat omnis voluptate sunt.',1,1,0,'1979-05-06 18:23:50','2021-03-16 14:45:23'),(733,33,72,'Eos debitis ut sint qui a laboriosam et tenetur. Et odit optio illum doloremque explicabo officiis. Eum unde accusamus fugit ad et eum maxime aperiam. Et explicabo eos consequatur reprehenderit consequatur necessitatibus.',1,1,0,'1999-06-01 18:13:36','2021-03-16 14:45:23'),(734,34,89,'Inventore ipsa ut dicta nam et voluptas culpa. Ipsam ut voluptas ut corporis voluptatem sint laudantium. Aperiam sit labore ut magni iusto ea voluptatem. Sed vel voluptatem voluptatem itaque.',1,1,1,'1986-02-12 02:37:45','2021-03-16 14:45:23'),(735,35,36,'Architecto id qui nihil. Voluptatem voluptas et id voluptas recusandae qui. Iure velit nihil id qui minus et praesentium. Dicta quas fuga hic assumenda.',1,1,1,'1980-10-11 14:31:02','2021-03-16 14:45:23'),(736,36,68,'Eum id nihil enim culpa quisquam est. Dicta molestiae ad quia sunt laboriosam nulla dolor repellat. Non est praesentium quis modi architecto temporibus adipisci in.',0,1,1,'2001-03-11 03:34:13','2021-03-16 14:45:23'),(737,37,64,'Voluptatem voluptatem odio autem animi sed. Et repellat nam ad vel sunt culpa et rerum. Est sequi quia molestiae temporibus alias quasi. Ut aut accusantium et pariatur. Omnis non natus numquam tempore eum porro eveniet.',0,1,0,'1998-04-30 21:39:31','2021-03-16 14:45:23'),(738,38,53,'Optio enim iure repudiandae amet ea pariatur sunt. Ut rem atque sapiente sit.',1,1,1,'1998-02-25 00:32:50','2021-03-16 14:45:23'),(739,39,25,'Provident ipsum dolorem qui natus deserunt soluta. Laudantium quia maxime quia quasi laudantium. Beatae aut dolorum qui iusto libero velit earum. Quos officiis qui quae ipsa ipsum.',0,0,NULL,'1993-01-20 07:16:48','2021-03-16 14:45:23'),(740,40,50,'Sint voluptatem esse autem vel. Eligendi sit quaerat dolores vitae voluptas nobis quos. Reiciendis nihil et et qui vel in dolores esse. Porro tempora ut maiores quae.',0,1,1,'1973-03-26 16:16:47','2021-03-16 14:45:23'),(741,41,39,'Sapiente facilis dolore harum. Facilis et quidem rem. Eius blanditiis delectus sint. Mollitia voluptas qui facere dolor saepe.',1,0,NULL,'2011-11-02 12:28:00','2021-03-16 14:45:23'),(742,42,57,'Quia aspernatur repellat voluptate repellendus officia corrupti nisi. Iure repudiandae corrupti in qui autem. Iste nemo autem iure quia corporis aut similique. Voluptatem deserunt animi nostrum sequi est cum dolores.',0,0,NULL,'2003-07-05 00:17:40','2021-03-16 14:45:23'),(743,43,73,'Quisquam dolorem est quis. Sint autem quia perferendis accusamus. Nulla enim enim sunt quisquam quas est nam impedit.',1,0,NULL,'1997-02-06 23:31:56','2021-03-16 14:45:23'),(744,44,90,'Molestiae sit voluptas delectus deserunt est maxime porro. Et corporis repellendus sit voluptatem rerum tempore.',1,0,NULL,'1991-08-31 03:19:05','2021-03-16 14:45:23'),(745,45,56,'Vel minus ipsam sit natus aut. Voluptatum quis facilis ut cumque necessitatibus. Adipisci iusto sed nesciunt molestiae. Unde quisquam qui sapiente consectetur rem quia rerum.',1,1,1,'2011-06-17 08:19:03','2021-03-16 14:45:23'),(746,46,28,'Esse reiciendis et officiis exercitationem nostrum. Officiis omnis qui et. Quo et et eos neque. Suscipit modi rerum quas sit quas amet.',0,1,0,'1984-12-16 15:46:10','2021-03-16 14:45:23'),(747,47,15,'Rem qui consequuntur illo. Numquam cum et et voluptas quos nostrum neque harum. Et ut consequatur ab distinctio numquam dolores consequatur sint. Quia ea quidem voluptatum nobis.',0,1,1,'2000-08-02 01:24:23','2021-03-16 14:45:23'),(748,48,65,'Illum necessitatibus illo quo consequatur et ut. Odit sit eum veniam nobis earum ex eos. Id ipsa eum esse est exercitationem maxime. Similique et voluptate minus laudantium quia commodi quaerat.',1,1,0,'2011-03-10 08:13:29','2021-03-16 14:45:23'),(749,49,82,'Quis delectus magnam ut dignissimos quas laudantium facere. Magnam aut aut voluptatum dolor laboriosam optio itaque. Quod soluta magni est nisi maxime est qui. Ut tempora quas qui.',0,0,NULL,'2003-01-10 10:29:55','2021-03-16 14:45:23'),(750,50,84,'Quaerat consequuntur sed nostrum quis ut rerum cumque. Voluptate non deleniti quam fugiat voluptatem voluptatem occaecati. Culpa perspiciatis nihil sed. Amet corrupti nihil et enim.',1,0,NULL,'1979-11-15 01:09:20','2021-03-16 14:45:23'),(751,51,85,'Sint cupiditate vel maxime. Repellendus asperiores eius magnam voluptatem reiciendis qui. Culpa magnam ducimus voluptas est assumenda. Aperiam fuga soluta enim facere aut non.',0,1,0,'1990-04-08 02:04:22','2021-03-16 14:45:23'),(752,52,9,'Sequi libero cum quis ab nihil. Enim quia et rerum. Autem velit est est.',1,1,1,'2012-04-27 13:41:34','2021-03-16 14:45:23'),(753,53,92,'Quas rerum sit ut consectetur ex porro doloribus. Neque quisquam nihil dolores asperiores. Qui delectus ducimus qui cum tenetur. Molestias quas ea veritatis et porro et.',0,1,0,'2020-08-17 06:34:53','2021-03-16 14:45:23'),(754,54,44,'Minima ex repellendus quia aspernatur. Dignissimos voluptas dolorum ea corporis adipisci optio est. Et cum culpa voluptatem velit illo. Et est aut delectus soluta dolorem praesentium.',0,1,1,'1981-05-14 10:04:52','2021-03-16 14:45:23'),(755,55,8,'Praesentium est vel sunt autem possimus rerum. Autem et illo est aut quas sequi. Minima porro numquam omnis harum est.',1,1,1,'2002-09-17 05:56:42','2021-03-16 14:45:23'),(756,56,3,'Amet rerum voluptatum occaecati et rerum quos doloribus. Praesentium ratione dolore modi consequatur laborum aut quia. Delectus aspernatur ad qui ut sit adipisci repudiandae aut.',1,1,0,'2006-03-18 06:53:55','2021-03-16 14:45:23'),(757,57,88,'Dolorem cupiditate fuga consequuntur et aut ut eveniet. Consequatur voluptate rem quos veniam nihil unde. Illo nisi aperiam qui ut magni.',0,1,1,'1991-01-14 10:52:51','2021-03-16 14:45:23'),(758,58,24,'Dicta rerum sunt hic sint et neque. Aperiam ipsa quisquam libero consequuntur rem nulla. Minus molestias necessitatibus nihil consequuntur non. Nobis et quidem aut dolorem est aperiam modi.',0,1,0,'1981-07-23 02:02:44','2021-03-16 14:45:23'),(759,59,65,'Voluptatem incidunt aut natus officiis. Eaque accusantium qui sit ab impedit at corporis. Voluptatibus voluptatem officia et. Enim et in animi aliquam quas quod quos.',0,1,1,'2015-11-15 13:58:39','2021-03-16 14:45:23'),(760,60,96,'Similique qui dolorem sit veniam maxime numquam soluta. Minima perferendis similique quisquam reiciendis cupiditate cupiditate. Eum quod quia recusandae ipsa atque omnis qui. Quam deserunt ut ipsum exercitationem.',1,0,NULL,'2002-07-13 09:53:23','2021-03-16 14:45:23'),(761,61,27,'Dolores iure aperiam rerum aut soluta. Culpa itaque nemo pariatur atque quos vel blanditiis. Sed illo tempore et veniam quis placeat impedit.',0,1,0,'2005-09-13 17:31:35','2021-03-16 14:45:23'),(762,62,6,'Qui consectetur id sint a. Amet quas repudiandae cupiditate dolores praesentium. Nobis dolores laboriosam qui est magnam voluptatem.',0,0,NULL,'1988-09-16 16:24:57','2021-03-16 14:45:23'),(763,63,70,'Nihil voluptas quo ea enim. Mollitia molestiae velit ducimus mollitia amet totam. Id non voluptatem sint consequatur expedita. Minus iste earum debitis dolorem.',0,1,0,'1976-02-13 02:01:46','2021-03-16 14:45:23'),(764,64,16,'Ipsam et porro rerum aliquid nisi est. Aut debitis libero adipisci dolorem. Distinctio repellendus omnis qui pariatur laboriosam ut. Ut sit nihil et ex.',1,1,0,'1971-01-23 01:57:40','2021-03-16 14:45:23'),(765,65,79,'Fugit magni sed repudiandae architecto velit rerum cumque. Animi enim rem exercitationem voluptatibus a voluptate. A aut similique hic minus distinctio et qui.',1,0,NULL,'1984-12-30 18:33:48','2021-03-16 14:45:23'),(766,66,57,'Natus modi dolores asperiores. Fugit illo adipisci quia reprehenderit suscipit. Vero consequatur occaecati labore.',0,0,NULL,'2019-09-09 03:50:54','2021-03-16 14:45:23'),(767,67,45,'Corrupti sit ipsam aut id ut odio atque. Amet aut dolor perferendis ea soluta iste cum. Architecto modi qui aut.',1,1,0,'1970-03-10 22:39:00','2021-03-16 14:45:23'),(768,68,17,'Aliquid nesciunt aspernatur iusto velit. Ratione suscipit consequatur dolores blanditiis neque. Soluta nostrum fugiat quibusdam modi.',0,0,NULL,'2017-03-06 21:30:19','2021-03-16 14:45:23'),(769,69,47,'Quae esse voluptate neque dolorem at quos. Sapiente nesciunt praesentium libero iure alias omnis ut. Soluta tenetur suscipit omnis. Aut quia magnam quibusdam qui.',1,0,NULL,'2000-06-10 13:08:20','2021-03-16 14:45:23'),(770,70,23,'Delectus molestiae sed tempore. Ut eum temporibus at non et. Vero error ut ullam rem. Natus nemo enim voluptas quaerat id et ut.',0,0,NULL,'1992-09-06 16:28:22','2021-03-16 14:45:23'),(771,71,2,'Incidunt debitis in dolor dolorem. Accusamus officiis eos molestias eum nihil. Deleniti temporibus necessitatibus et sint soluta non molestiae. Explicabo expedita aut ut veritatis rerum exercitationem qui ut.',1,1,0,'2003-04-21 07:57:45','2021-03-16 14:45:23'),(772,72,86,'Et qui voluptatibus nobis autem sint accusantium. Beatae quis voluptatem tempore expedita. Qui vel omnis incidunt repellendus consequatur quia dolores blanditiis. Aspernatur qui in magni consequatur voluptatem.',1,0,NULL,'2002-10-18 16:21:21','2021-03-16 14:45:23'),(773,73,100,'Quo veritatis ipsa dolorem ut impedit nobis esse deleniti. Aliquam quas numquam qui et optio eaque. Et non dolores vitae consequuntur a. Consequatur id repellendus fuga asperiores. Maiores unde non est quia tenetur quis velit.',1,0,NULL,'2002-07-09 21:39:58','2021-03-16 14:45:23'),(774,74,66,'Repellendus consequuntur debitis vel aut ab autem architecto eum. Asperiores sequi reprehenderit occaecati reprehenderit eos quia quia. Autem saepe officia qui ab non aliquid voluptas quam. Ut quos aliquam corporis qui cupiditate ducimus.',1,0,NULL,'1982-07-10 20:55:21','2021-03-16 14:45:23'),(775,75,95,'Aut quis fugit dolor qui. Qui cum quibusdam magnam et. Consequatur harum ab qui corporis aut beatae provident. Qui sed adipisci modi.',1,1,0,'2001-04-17 22:09:39','2021-03-16 14:45:23'),(776,76,48,'Dolor ipsam sunt nisi est. Magni consectetur animi reiciendis qui rem consequatur. Adipisci ab qui maiores architecto in facere est. Iusto quia quia harum temporibus sed.',1,1,1,'1997-01-04 00:36:01','2021-03-16 14:45:23'),(777,77,8,'Qui veniam eum odit est nam asperiores et. Iusto et distinctio magni quae dolor quia voluptas soluta. Est dolorum quis est quis dolorum aut voluptatum.',1,1,0,'1990-07-13 18:26:12','2021-03-16 14:45:23'),(778,78,21,'Et reprehenderit et velit deleniti ut sit aut. Aliquam deserunt sequi exercitationem dolorem et. Nam blanditiis minima veritatis sint.',0,0,NULL,'2010-03-27 09:21:34','2021-03-16 14:45:23'),(779,79,81,'Consequatur a odit nisi non facilis. Consequatur omnis dolorem aut minus sit ex. Et temporibus ipsum eum non et.',1,0,NULL,'2008-05-03 21:45:01','2021-03-16 14:45:23'),(780,80,44,'Velit maiores neque ipsam quam aperiam qui ut. Consequatur veniam quaerat qui totam eveniet autem quia. Facilis eaque voluptatem corrupti nesciunt voluptatem. Officiis nesciunt delectus iusto ullam ratione consequuntur sapiente. Libero quis iure tempore.',1,1,1,'1970-08-08 12:02:11','2021-03-16 14:45:23'),(781,81,27,'Corrupti sit omnis quia ut. Quasi dolorum sed nulla ipsam iusto voluptatem iure. Illum qui nulla ab illum.',0,1,1,'2013-02-08 19:53:07','2021-03-16 14:45:23'),(782,82,14,'Ut ut necessitatibus aut optio ut dolor. Alias excepturi accusantium nobis nam. Inventore excepturi eaque quo vel voluptates aut. Laudantium est aut sed qui id. Placeat sapiente tempora optio sapiente.',1,1,1,'2005-09-28 18:54:11','2021-03-16 14:45:23'),(783,83,23,'Architecto repudiandae est earum modi nisi voluptatem. Perspiciatis fuga enim neque. Dolores impedit qui porro iste laudantium sunt. Placeat velit sed tenetur adipisci aperiam odio nam.',0,0,NULL,'1996-05-18 07:15:35','2021-03-16 14:45:23'),(784,84,3,'Quibusdam suscipit suscipit expedita in possimus veritatis molestias quaerat. Incidunt provident tempore aliquid aut voluptatibus. Saepe sit possimus aut consequuntur vel fugit qui.',1,1,1,'2002-07-24 00:15:54','2021-03-16 14:45:23'),(785,85,54,'Molestiae facilis qui esse est. Natus dolor corrupti quaerat sit. Fugit odio earum reiciendis optio debitis excepturi. Sint autem recusandae eaque architecto qui.',1,0,NULL,'2019-02-03 19:05:10','2021-03-16 14:45:23'),(786,86,2,'Corporis qui aut qui sunt officia. Praesentium officia est nulla voluptatem.',1,1,1,'1988-07-17 15:04:56','2021-03-16 14:45:23'),(787,87,79,'Repellendus ut voluptatibus et aut tenetur aut corporis. Voluptatibus inventore autem itaque laboriosam iure accusamus ipsa corporis. Nihil illo voluptatum qui quibusdam. Dolorem voluptatem beatae perferendis nam facilis culpa ut.',1,1,0,'1981-09-19 03:22:03','2021-03-16 14:45:23'),(788,88,10,'Delectus sed magnam excepturi est maiores perspiciatis explicabo. Est quo in aut eligendi voluptas corporis. Fugiat officiis sed debitis et reprehenderit et iusto. Corrupti eos nobis aut esse esse.',1,0,NULL,'1970-01-20 15:27:08','2021-03-16 14:45:23'),(789,89,5,'Amet a quos necessitatibus ducimus. Fugiat quasi illo beatae aspernatur rerum quaerat rerum. Expedita et provident assumenda accusamus sapiente.',1,1,1,'1990-08-16 13:48:46','2021-03-16 14:45:23'),(790,90,76,'Et quis soluta voluptatem deleniti est enim eos. Saepe est doloribus quod expedita cumque.',0,1,0,'1991-04-19 23:06:20','2021-03-16 14:45:23'),(791,91,14,'Vel minus id dolores hic sit iure itaque. Et sunt eos eum qui harum dolorem dolorum. Eos ipsum tenetur qui sequi explicabo. Dignissimos nesciunt id pariatur officia.',0,1,0,'1998-01-11 05:42:34','2021-03-16 14:45:23'),(792,92,49,'Non nisi nostrum repellat et iure officiis. Est quia incidunt quasi dolore cum. Illo temporibus et fuga dolores voluptas.',1,1,0,'1992-05-02 06:53:05','2021-03-16 14:45:23'),(793,93,5,'Repellat hic qui perspiciatis ut soluta qui. Quas dolor alias voluptates voluptate culpa nobis id. Sit libero qui voluptatem eum voluptatibus. In recusandae placeat neque tempora architecto.',1,1,1,'2011-09-13 15:25:25','2021-03-16 14:45:23'),(794,94,19,'Sint soluta a repellat adipisci. Asperiores error impedit culpa et tenetur. Cumque fugit officia qui.',0,1,1,'2015-07-17 00:00:21','2021-03-16 14:45:23'),(795,95,94,'Assumenda ut possimus autem quibusdam sint. Est distinctio esse quis qui. Aspernatur itaque deserunt provident vitae omnis. Laborum exercitationem omnis quis suscipit fugiat facere. Velit nobis voluptatibus hic qui.',0,0,NULL,'2019-10-26 01:38:35','2021-03-16 14:45:23'),(796,96,97,'Nihil voluptas nihil nihil numquam atque. Sunt rerum et porro quam in. Reiciendis ut eligendi repellendus sed voluptatum nemo. Debitis eligendi natus voluptates in.',1,1,1,'1974-05-09 13:16:34','2021-03-16 14:45:23'),(797,97,24,'Id molestias exercitationem non quae. Ut sit qui cumque quam provident explicabo laboriosam. Aut dolorem a eos ut.',1,0,NULL,'1994-03-20 19:30:01','2021-03-16 14:45:23'),(798,98,15,'Ut odio dolores aperiam dignissimos laborum et. Qui nesciunt voluptatem facere. Ex non expedita animi corrupti molestiae sit est. Labore corrupti vitae dignissimos modi itaque.',0,1,0,'1972-10-22 17:48:05','2021-03-16 14:45:23'),(799,99,4,'Rerum aut consequatur officia facere. Sunt labore aut non consequatur quia enim eos.',1,1,0,'1980-02-21 10:37:03','2021-03-16 14:45:23'),(800,100,89,'Voluptatem explicabo optio ipsa nam quo error impedit esse. Officiis quod saepe minima laborum sit et. Tenetur adipisci rerum aut explicabo quidem nam.',1,1,1,'1995-05-02 02:03:51','2021-03-16 14:45:23'),(801,1,95,'Vel omnis consectetur aut. Nesciunt minus magni qui adipisci et quas. Sit quis cum enim et et eius quis.',1,0,NULL,'2003-04-02 19:51:55','2021-03-16 14:45:23'),(802,2,12,'Fugiat ut ab totam debitis soluta aut facere. Eos quo minus eius at in. Ut architecto reprehenderit repellendus amet pariatur perferendis.',1,1,0,'2007-06-14 14:48:11','2021-03-16 14:45:23'),(803,3,55,'Aut iste rerum accusantium nesciunt eligendi. Quas est ipsa unde expedita laboriosam quidem repellendus consectetur. Minus quae qui doloremque cupiditate.',1,1,1,'2006-06-06 15:45:40','2021-03-16 14:45:23'),(804,4,62,'Iste quibusdam ea quos nam suscipit. Dolores vel cumque aut omnis. Sint possimus possimus aut a nesciunt delectus consequatur. Delectus et voluptate officia consequuntur vel sed.',1,0,NULL,'1980-11-29 15:51:29','2021-03-16 14:45:23'),(805,5,27,'Rem nihil nostrum cum veniam ipsam aut itaque fugit. Dolorem eius distinctio et iusto aut. Dolorem aperiam impedit maxime dolor. Aut hic enim consequatur accusantium ea eum et.',0,1,1,'1972-07-01 16:49:02','2021-03-16 14:45:23'),(806,6,36,'Fuga expedita sed explicabo accusantium fugit. Ut dolorum distinctio sed quis sunt et. Magni sint quam excepturi voluptas.',1,1,1,'1993-02-22 02:19:06','2021-03-16 14:45:23'),(807,7,55,'Voluptatum laudantium voluptas maxime corrupti distinctio soluta et provident. Cum maiores temporibus distinctio et ipsum molestiae minus. Accusantium qui quidem suscipit.',0,1,1,'2006-06-03 21:12:12','2021-03-16 14:45:23'),(808,8,64,'Eos facilis odio et odio doloribus vel. Molestiae non ut aut distinctio. Expedita vero impedit voluptatem aliquam voluptatem eos velit. Blanditiis delectus laboriosam suscipit explicabo soluta ducimus. Sit labore minus veritatis sit placeat atque et.',1,0,NULL,'2007-08-10 15:40:44','2021-03-16 14:45:23'),(809,9,20,'Facilis ut voluptatem aut veritatis. Dolorem amet molestias nulla facere.',0,1,1,'1991-09-23 00:46:47','2021-03-16 14:45:23'),(810,10,66,'Magnam accusamus dolores omnis illo. Sunt assumenda cum dolor est. Eligendi voluptates veritatis non veniam repellat mollitia. Quam vel pariatur nesciunt minima esse dolorum hic.',1,0,NULL,'1988-06-10 09:29:53','2021-03-16 14:45:23'),(811,11,6,'Veritatis id aut distinctio consequatur aliquam quisquam sed. Quisquam aperiam nihil rerum et unde dolores. Maxime corporis officia aut.',1,1,0,'2005-12-17 23:00:44','2021-03-16 14:45:23'),(812,12,15,'Qui quos ut impedit quam maiores voluptate eum. Adipisci cumque dolor sunt dignissimos voluptatem deserunt atque tempora. Similique aut culpa nihil. Eos repellat vero incidunt harum voluptas fugit. Non est officiis est qui eaque voluptatem.',0,1,1,'2014-08-05 07:47:07','2021-03-16 14:45:23'),(813,13,47,'Vel placeat ut qui voluptatem perspiciatis non. Modi aut odio quo veritatis. Qui consequatur quia quia aperiam ad.',0,0,NULL,'1977-10-01 00:58:25','2021-03-16 14:45:23'),(814,14,44,'Vitae explicabo qui blanditiis alias quis. Exercitationem quia et ipsam delectus. Explicabo maiores ad natus. Quo repellat ab omnis quibusdam. Laudantium soluta et dolor cupiditate.',1,0,NULL,'1996-11-24 14:08:52','2021-03-16 14:45:23'),(815,15,66,'Incidunt repellat facere cum praesentium. Omnis ut et suscipit delectus. Optio laudantium occaecati ratione. Magni nobis mollitia voluptatum ad.',0,0,NULL,'1990-09-03 18:48:16','2021-03-16 14:45:23'),(816,16,13,'Reprehenderit facilis voluptas eos accusantium quae. Qui rerum iure molestiae eaque. Necessitatibus fugit repellat quam rerum molestias ratione magnam.',1,1,0,'1989-01-11 23:10:38','2021-03-16 14:45:23'),(817,17,21,'Sequi et aspernatur consectetur. Quo labore aperiam minima laudantium. Id dolorum tenetur itaque perspiciatis exercitationem consequatur.',1,1,0,'2016-06-24 22:54:45','2021-03-16 14:45:23'),(818,18,36,'Libero cupiditate deserunt et natus. Et inventore est quisquam fugit aliquid soluta. Aut quaerat totam ut corporis sunt rerum sit. Dignissimos eos sit aut optio.',0,1,0,'2011-02-17 04:15:09','2021-03-16 14:45:23'),(819,19,23,'Quo aut quas impedit necessitatibus officiis ea. Id a consequatur dolor voluptate animi non. Modi unde aut ex est.',1,0,NULL,'1980-09-05 18:38:08','2021-03-16 14:45:23'),(820,20,86,'Molestiae dicta sit commodi. Odit cum officiis sunt exercitationem omnis distinctio facere error. Provident facere eum sit. Et dolorem quis dicta eveniet perspiciatis.',1,1,0,'1991-12-14 18:53:18','2021-03-16 14:45:23'),(821,21,14,'Est aliquid consequuntur modi iure ullam aspernatur id. Assumenda harum repellendus aut aut in eaque delectus. Est optio asperiores iure eligendi. Accusamus soluta ut aut vel sed et.',1,0,NULL,'2013-10-20 14:08:43','2021-03-16 14:45:23'),(822,22,1,'Aut iure odit nulla. Est perferendis eum natus optio eos. Et hic pariatur omnis qui.',1,0,NULL,'1976-08-16 16:11:10','2021-03-16 14:45:23'),(823,23,64,'Et quo in ea iusto. Est occaecati vel assumenda minima. Aliquid non esse impedit. Consequuntur magni nam natus.',0,1,0,'2018-08-17 13:32:41','2021-03-16 14:45:23'),(824,24,95,'Ut harum dignissimos perspiciatis culpa voluptatem. Voluptatem et praesentium architecto doloremque cum magnam recusandae. Voluptates velit natus rerum placeat architecto sit nihil. Libero ut sit est dolore vel ex.',0,1,1,'1974-01-18 06:58:21','2021-03-16 14:45:23'),(825,25,91,'Itaque debitis et autem quisquam reiciendis nisi sint. Modi qui dignissimos quia assumenda. Voluptatem minus optio sit laboriosam facere voluptatem earum qui. Perspiciatis ut sapiente minus cupiditate excepturi molestiae quod.',1,1,0,'1976-10-03 07:18:24','2021-03-16 14:45:23'),(826,26,12,'Quia aut soluta enim enim velit libero. Consequatur voluptatibus mollitia architecto quos quo. Pariatur illo autem eligendi. Qui et eius adipisci aut modi.',1,1,1,'1973-11-16 05:26:54','2021-03-16 14:45:23'),(827,27,1,'Ea voluptates perspiciatis vero velit qui id voluptatibus nemo. Cumque qui iste voluptatem ipsam soluta explicabo. Veniam vel fugit ut sed maxime numquam. Temporibus occaecati et soluta soluta quia omnis.',1,0,NULL,'2014-07-12 23:36:32','2021-03-16 14:45:23'),(828,28,16,'Ratione eum ut sint quod. Saepe distinctio et assumenda placeat et odio earum. Ducimus facere nihil nihil corporis nesciunt doloremque dolorem qui. Temporibus earum sit velit esse.',1,1,0,'1990-01-25 22:10:07','2021-03-16 14:45:23'),(829,29,23,'Aliquam fugiat quia itaque ratione quia quis reprehenderit. Similique assumenda ab est asperiores. Tenetur assumenda iure occaecati fugit quasi beatae.',1,1,1,'2019-08-01 15:16:20','2021-03-16 14:45:23'),(830,30,21,'Omnis illum laboriosam impedit soluta suscipit. Atque eos non qui illo et alias. Voluptatum veritatis provident perspiciatis. Id voluptatem consectetur et ea consequatur.',0,0,NULL,'2005-11-06 20:33:28','2021-03-16 14:45:23'),(831,31,33,'Ipsam aut consequatur itaque dolores voluptas dolor ea. Atque perspiciatis nemo quibusdam id dolor corrupti eum doloribus. Eligendi sit impedit ullam molestias.',1,0,NULL,'2015-06-21 04:00:26','2021-03-16 14:45:23'),(832,32,21,'Omnis voluptas cupiditate porro laborum rerum. Voluptas minus aut numquam provident velit qui asperiores.',0,1,1,'2004-02-24 13:28:41','2021-03-16 14:45:23'),(833,33,59,'Eligendi sed eius voluptates ut. Praesentium eos voluptatibus eius odio et beatae consequatur. Quia ut corporis fugit repudiandae veniam est.',1,1,1,'1988-09-01 01:52:22','2021-03-16 14:45:23'),(834,34,37,'Commodi et asperiores iusto assumenda non repellat non. Quo quasi officiis aut dolorem iure. Repudiandae tenetur exercitationem numquam earum error porro atque.',1,0,NULL,'1972-05-03 23:35:45','2021-03-16 14:45:23'),(835,35,62,'In dolor natus dicta et rerum. Fugit consectetur consequatur voluptates. Iusto quia omnis numquam corrupti et et explicabo nemo.',1,1,1,'2009-01-23 15:17:28','2021-03-16 14:45:23'),(836,36,34,'Incidunt sunt nobis est est eius ea ut dolores. Reprehenderit et sit quisquam ut molestiae sequi. Consequatur illum illum rerum non. Et in est vitae nihil ea. Placeat ut eius facilis sit unde aspernatur id atque.',1,1,1,'2011-07-04 08:30:43','2021-03-16 14:45:23'),(837,37,17,'Voluptas dolores rerum corrupti voluptas nisi cupiditate. Harum repellendus repellat numquam quidem occaecati consequatur. Libero ex occaecati reprehenderit sapiente nobis sunt. Aspernatur error assumenda corrupti.',0,0,NULL,'2020-04-08 07:45:29','2021-03-16 14:45:23'),(838,38,63,'Odit architecto recusandae voluptates facere temporibus labore. Natus qui similique nam corporis dignissimos totam.',1,1,0,'1985-02-21 16:58:16','2021-03-16 14:45:23'),(839,39,94,'Nesciunt id aut veniam voluptas illo. Praesentium pariatur eveniet velit nemo. Quia corrupti dicta rem est qui tenetur quibusdam. Magnam eveniet accusantium dolor expedita omnis nihil commodi. Eligendi aut eveniet sequi qui veniam non.',0,0,NULL,'2003-03-11 19:11:44','2021-03-16 14:45:23'),(840,40,14,'Saepe error facere recusandae molestiae. Eos aperiam atque nesciunt doloribus recusandae harum blanditiis. Sapiente labore cum aliquam et in porro.',1,0,NULL,'2006-12-21 16:07:26','2021-03-16 14:45:23'),(841,41,3,'Ex asperiores cumque dolorem quia. Molestias sit est sit voluptate quis vel. Voluptatem voluptates dolore omnis autem. Magni aut quia veniam delectus quibusdam.',1,1,0,'1993-04-30 09:12:47','2021-03-16 14:45:23'),(842,42,78,'Qui beatae ex accusantium. Impedit dolorum dolor beatae sit culpa tempora. Impedit corporis magni totam maiores non animi. Vel dolores non vel id ad reprehenderit quasi.',1,0,NULL,'1982-12-09 17:22:10','2021-03-16 14:45:23'),(843,43,15,'Quia quis molestiae laborum dolorem unde. Voluptatem quidem occaecati est et. Aut ad exercitationem quis.',0,1,1,'2018-03-23 10:31:55','2021-03-16 14:45:23'),(844,44,47,'Architecto officia earum quam id sit neque mollitia. Laboriosam nemo eius quia unde qui. Quidem aut eum ipsum quia qui architecto.',1,1,0,'1982-09-12 11:04:42','2021-03-16 14:45:23'),(845,45,43,'Ut aliquam quo quidem. Consequatur quo sunt officia tempore. Quia qui vitae sed ea enim deserunt est ea. Non dolore assumenda laboriosam et illo vero.',1,0,NULL,'1996-12-31 02:52:46','2021-03-16 14:45:23'),(846,46,44,'Quos et aut veniam et odit. Facilis quos numquam id minus id. Error soluta modi dolorem voluptates eum dolorem. Mollitia vel eius autem qui error.',0,1,1,'1975-11-18 19:49:10','2021-03-16 14:45:23'),(847,47,49,'Itaque aut neque aut nemo voluptas dolor qui. Debitis rerum voluptatem modi dolores libero qui ipsam. Iure vitae dolorum libero et est. Reiciendis voluptatem necessitatibus laudantium harum at mollitia molestiae.',0,1,1,'1982-09-04 21:19:48','2021-03-16 14:45:23'),(848,48,89,'Qui repellendus asperiores ipsa. Doloremque est aperiam vel sequi est unde.',0,1,1,'1986-07-10 20:08:02','2021-03-16 14:45:23'),(849,49,33,'Quia suscipit nam voluptatibus quod. Minus eius cum vel. Cum dignissimos sunt vel earum omnis corporis. Atque corrupti hic deleniti.',0,1,0,'1988-07-17 11:37:18','2021-03-16 14:45:23'),(850,50,11,'Perspiciatis laborum molestias esse rerum doloribus tempore consequatur commodi. Quidem inventore id et earum quia. Voluptate ullam iusto dolor quaerat. Nihil iste ea cupiditate.',1,1,1,'1980-01-11 04:42:57','2021-03-16 14:45:23'),(851,51,93,'Dignissimos laborum aspernatur incidunt et ab. Est non debitis odit quod. At autem est placeat voluptates sunt mollitia consequuntur ut. In quia unde fuga voluptatem est aliquid architecto.',0,0,NULL,'2001-02-02 03:08:48','2021-03-16 14:45:23'),(852,52,49,'Facere placeat ut rem quia alias aliquam nemo. Et nam hic autem cumque itaque eaque sequi quod. Quia voluptatum maxime velit voluptatem ipsa. Suscipit et iure et rerum qui sapiente excepturi. Nesciunt nostrum cupiditate at recusandae.',0,1,0,'1989-03-08 19:42:36','2021-03-16 14:45:23'),(853,53,60,'Voluptas error autem eos non. Quo excepturi ipsam aut dolor reprehenderit sunt. Tenetur facere sapiente voluptas optio eligendi culpa suscipit eius.',1,0,NULL,'2018-11-09 04:11:30','2021-03-16 14:45:23'),(854,54,6,'Velit ratione necessitatibus molestias qui fugiat. Nihil porro et sed maiores deserunt modi et. Cupiditate consequatur ut eveniet ut. Culpa assumenda adipisci vero est sunt praesentium.',0,1,1,'2007-04-05 03:45:08','2021-03-16 14:45:23'),(855,55,78,'Et iste beatae explicabo ipsam praesentium. Autem quae eum quae sed rerum est. Vitae quae quibusdam aliquam voluptatem eius explicabo. Non eveniet aut autem quo in facere. Magnam omnis quia officiis a.',0,0,NULL,'1970-12-05 00:22:26','2021-03-16 14:45:23'),(856,56,84,'Ipsam voluptas iure non tenetur id aut. Consequatur est quas dolorum est dolore officia fugiat.',0,0,NULL,'1993-07-13 14:43:26','2021-03-16 14:45:23'),(857,57,52,'Enim voluptatem autem doloribus nam possimus inventore. Voluptas et non corporis optio aperiam. Vitae perspiciatis adipisci ut. Id est similique cum quasi iste eum.',0,0,NULL,'2000-12-25 16:58:18','2021-03-16 14:45:23'),(858,58,91,'Dolorum facilis inventore sed quia commodi est. Esse aut non aliquam error. Autem rerum a provident maiores. Laudantium quia laborum tempore at eius quae.',1,0,NULL,'1971-10-14 19:47:37','2021-03-16 14:45:23'),(859,59,98,'Fuga ut officiis qui consequatur repellat totam. Voluptate autem laboriosam tempore aut consequuntur quia sed quia. Cumque quisquam vitae id dolorum rem enim sapiente. Assumenda sapiente provident quis beatae aut.',0,0,NULL,'2012-06-02 15:05:59','2021-03-16 14:45:23'),(860,60,11,'Provident harum nihil ab et. Dolores placeat ducimus reiciendis explicabo. Neque cum odit fuga est et.',0,1,1,'2009-11-29 18:03:33','2021-03-16 14:45:23'),(861,61,8,'Recusandae eos veniam asperiores amet. Dolorem quam explicabo voluptates soluta perspiciatis. Quaerat sint rerum eius non veritatis accusamus consequuntur voluptas. Ratione eligendi omnis pariatur voluptatibus debitis impedit.',0,0,NULL,'2018-04-11 16:51:36','2021-03-16 14:45:23'),(862,62,8,'Quia architecto sed magni sed. Modi ut nemo ea quo. Fuga earum quidem quia molestiae ipsum ut. Voluptas est est doloribus in deserunt praesentium.',0,0,NULL,'2017-04-24 17:34:42','2021-03-16 14:45:23'),(863,63,81,'Et iure possimus qui expedita odio. Laudantium illo recusandae saepe ea. Omnis illum necessitatibus libero fugiat optio placeat veniam.',1,1,0,'1979-08-24 00:49:50','2021-03-16 14:45:23'),(864,64,6,'Sed occaecati tempore neque reprehenderit ut et. Corrupti voluptatem sit pariatur modi. Non repellat nostrum provident repudiandae. Culpa porro dignissimos iste enim.',0,1,0,'1988-12-24 23:30:57','2021-03-16 14:45:23'),(865,65,13,'Dolorem ratione ipsum repudiandae similique aliquam tenetur sit. Aperiam quas ea reprehenderit vel dolore. Libero et eum illo ratione sed.',0,1,1,'1980-01-09 22:11:08','2021-03-16 14:45:23'),(866,66,50,'Inventore maiores eaque excepturi incidunt. Deleniti voluptatum libero blanditiis repellat voluptas.',1,0,NULL,'1996-05-05 00:35:29','2021-03-16 14:45:23'),(867,67,65,'Voluptas recusandae id ut ut reiciendis. Itaque velit consequatur eos ducimus a. Quia reprehenderit consequuntur repellat sunt nihil qui.',1,1,0,'1973-01-03 16:54:29','2021-03-16 14:45:23'),(868,68,33,'Ut vel in sunt molestias. Quos architecto et dolore optio perspiciatis quis reprehenderit. Architecto qui eveniet ab harum. Voluptatem adipisci nihil praesentium velit optio voluptatum.',1,1,0,'1987-03-07 21:38:46','2021-03-16 14:45:23'),(869,69,24,'Cum sunt quos quam. Dolor tenetur ex molestiae dolores. Nemo illo suscipit accusamus beatae.',1,0,NULL,'1987-11-10 21:38:19','2021-03-16 14:45:23'),(870,70,26,'Et eveniet magni error neque consectetur qui. Eum a quia rerum saepe consequuntur facilis sit. Cum nihil suscipit tempore fugiat eum. Voluptate quam et aut.',0,1,0,'1979-05-27 01:30:17','2021-03-16 14:45:23'),(871,71,58,'Voluptatem doloribus aut dolor iste. Accusantium provident velit recusandae dolores. Nemo autem impedit ad perferendis assumenda voluptatem voluptatem.',0,0,NULL,'1999-01-20 16:31:24','2021-03-16 14:45:23'),(872,72,78,'Laboriosam perspiciatis numquam maiores mollitia molestiae. Autem veritatis delectus dolores veniam quo. Ut rerum vel perspiciatis nesciunt. Fugiat quisquam doloribus molestias tempora.',0,0,NULL,'2015-08-19 19:56:07','2021-03-16 14:45:23'),(873,73,8,'Labore dignissimos repellat aliquam ad dolorem voluptate cupiditate. Voluptas molestias dolorum cumque cum numquam corrupti minus. Sed enim quisquam modi pariatur reprehenderit minima pariatur. Maxime similique praesentium nihil dolorem blanditiis.',0,1,1,'2009-10-06 17:17:58','2021-03-16 14:45:23'),(874,74,25,'Nemo incidunt ratione impedit ut eligendi. Quasi ut iusto sed eum corrupti rerum distinctio. Sint dolores velit harum ratione voluptatem pariatur.',0,1,0,'2014-09-19 23:15:41','2021-03-16 14:45:23'),(875,75,70,'Facere asperiores mollitia magnam sunt aut nemo iusto. Sit ut modi sunt veniam ex asperiores corporis. Vel nulla repellendus est et fugiat.',0,1,0,'2005-04-03 05:36:53','2021-03-16 14:45:23'),(876,76,86,'Porro temporibus distinctio sit quasi. Unde iusto consequatur ut sint voluptas fuga.',1,0,NULL,'1976-03-27 07:47:34','2021-03-16 14:45:23'),(877,77,74,'Itaque dolores consequuntur quos sunt nulla et incidunt omnis. Harum fuga molestias voluptatem rem aut sunt. Eaque fugit quae perferendis voluptas omnis consequatur sint sunt.',1,1,0,'1995-03-31 14:51:04','2021-03-16 14:45:23'),(878,78,77,'Eum porro unde quia provident culpa. Deleniti enim corrupti quo. Aspernatur et assumenda quisquam non.',1,0,NULL,'1975-11-12 23:18:38','2021-03-16 14:45:23'),(879,79,11,'Perspiciatis alias pariatur et. Non eos expedita nihil minima laboriosam quibusdam. Quis et eaque et voluptatibus error corrupti vitae. Libero culpa veniam mollitia sed natus voluptatibus odit ex.',1,0,NULL,'2003-12-23 11:08:09','2021-03-16 14:45:23'),(880,80,46,'Veritatis quam cum iusto aspernatur voluptates error. Dolor et voluptatem modi a. Dicta iure sed illum ab ut natus praesentium. Dolorum culpa et praesentium rerum omnis velit.',1,0,NULL,'2009-01-27 03:15:02','2021-03-16 14:45:23'),(881,81,25,'Vel sint nisi quibusdam blanditiis veritatis beatae. Eveniet architecto et ipsa quia minus. Nemo accusamus tempora placeat.',0,0,NULL,'2007-10-23 08:22:12','2021-03-16 14:45:23'),(882,82,34,'Officia porro magnam ut sint sint nesciunt nam. Qui corporis molestias quos dolore et voluptatem aut eveniet. Ducimus occaecati laudantium maiores accusantium eaque ipsum a.',1,1,1,'1991-05-31 09:40:35','2021-03-16 14:45:23'),(883,83,23,'Est quo consequatur quis iure aliquam consequatur. Animi voluptas alias quia eaque numquam. Quae doloremque saepe animi tenetur.',0,0,NULL,'2015-04-03 20:04:52','2021-03-16 14:45:23'),(884,84,23,'Error facere perferendis animi qui. Et non debitis rerum blanditiis sed aperiam. Eveniet sed tempore enim consequatur autem voluptate neque nesciunt. Rerum qui est voluptas autem.',1,0,NULL,'1982-09-04 14:01:20','2021-03-16 14:45:23'),(885,85,38,'Nisi earum ea tenetur incidunt. Repudiandae non quas fugiat nihil tempore natus iusto aliquid. Nihil ea eveniet doloremque nobis quasi ipsum. Illum nesciunt et dolores velit ut molestiae at velit. Quia quia quia enim.',1,1,0,'1973-10-24 22:37:16','2021-03-16 14:45:23'),(886,86,66,'Expedita harum modi voluptatem excepturi accusantium ipsum quae. Occaecati distinctio dignissimos quis eius. Consequatur facere ut numquam recusandae animi enim ducimus.',0,0,NULL,'1975-02-07 21:00:03','2021-03-16 14:45:23'),(887,87,42,'Omnis dolorem sint velit fugiat temporibus perferendis. Facilis et harum possimus eos magnam sint est. Aut ut aut aut esse totam.',1,1,1,'1970-10-09 19:45:09','2021-03-16 14:45:23'),(888,88,84,'Non aliquid velit vel praesentium maiores. Quidem eos asperiores quibusdam. Dolore ipsa magni eligendi possimus.',1,1,0,'1971-07-26 09:29:42','2021-03-16 14:45:23'),(889,89,7,'Dolore reiciendis similique adipisci aut non iusto ea autem. Dignissimos illum laboriosam odio ut et illum et. Sit aut quidem molestias similique animi ratione repudiandae. Perferendis error sunt voluptatem.',1,0,NULL,'2016-03-06 16:09:48','2021-03-16 14:45:23'),(890,90,91,'Omnis non minus eaque ut. Temporibus ut ut delectus. Voluptas deserunt nobis numquam omnis ipsam.',0,0,NULL,'2011-09-02 15:14:42','2021-03-16 14:45:23'),(891,91,88,'Voluptate accusamus facere eum officia amet similique. Ut minima nesciunt ut aliquid. Tenetur aut beatae facere. Cumque blanditiis sit animi ab aliquam rem consequatur iusto.',0,0,NULL,'2009-10-30 14:27:08','2021-03-16 14:45:23'),(892,92,78,'Amet velit consequatur est. Est fugit ut quia doloremque neque. Molestiae cum porro fugiat ea. Sed voluptas earum perspiciatis a aliquam numquam aliquam sunt.',0,1,0,'1994-11-26 09:42:10','2021-03-16 14:45:23'),(893,93,60,'Quod velit nemo eum quos. Voluptatem sapiente quo error temporibus optio.',1,0,NULL,'1989-08-11 04:29:09','2021-03-16 14:45:23'),(894,94,21,'Molestiae consequatur quidem aliquid. Veritatis accusantium odit quidem maiores sit quo. Voluptatem magni et eaque qui esse. Perspiciatis qui incidunt natus dicta.',1,1,0,'1976-07-11 18:08:04','2021-03-16 14:45:23'),(895,95,90,'Adipisci occaecati vitae fugit numquam. Explicabo incidunt sit non laboriosam iste. Ab rem similique impedit aut quo. Sint et qui tempora non sequi quis.',1,0,NULL,'1998-11-13 02:33:49','2021-03-16 14:45:23'),(896,96,56,'Rerum et velit ut odio. Aut qui omnis maiores repellat voluptas eligendi iure saepe. Ea distinctio quia assumenda recusandae sit ut.',1,1,0,'2016-05-15 14:38:49','2021-03-16 14:45:23'),(897,97,84,'Vel ea ut tenetur laborum nostrum et. Placeat dignissimos libero autem quisquam quia asperiores eligendi. Et corporis totam quod.',1,0,NULL,'2007-02-19 11:36:12','2021-03-16 14:45:23'),(898,98,34,'Totam eius dolor eum fuga vel. Distinctio at iste facilis suscipit facilis exercitationem. Quae qui aut voluptatem non fugiat suscipit beatae. Et omnis enim illo rem.',0,0,NULL,'1989-04-13 00:43:25','2021-03-16 14:45:23'),(899,99,95,'Saepe facere aperiam velit ab quo. At minus ipsam praesentium iusto et nam nulla. In hic consectetur quia optio omnis.',0,0,NULL,'2009-06-16 17:55:13','2021-03-16 14:45:23'),(900,100,18,'Nostrum debitis autem dolores voluptas nisi totam sequi. Optio distinctio totam neque aut voluptatum nihil. Minus delectus cum quia quasi provident suscipit ratione. Hic sed quos sequi laudantium quo.',0,1,1,'1973-07-14 05:58:44','2021-03-16 14:45:23'),(901,1,9,'Voluptatem possimus dolores deleniti reprehenderit. Ratione minus aut et. Tempora asperiores in debitis est dicta. Voluptate ducimus ut ab eveniet quisquam.',0,1,0,'1998-06-09 03:28:27','2021-03-16 14:45:23'),(902,2,34,'Exercitationem vero natus libero non consequatur nisi. Explicabo aliquam mollitia recusandae iure ut rerum est. Sapiente et voluptates quam voluptas qui molestias veniam ipsa. Error est sunt officia.',1,1,0,'1979-07-15 06:56:22','2021-03-16 14:45:23'),(903,3,99,'Placeat ex harum ipsa nihil eius ut. Non nihil aut velit sit tenetur. Dolorum dolores ex nesciunt autem corrupti ratione eligendi dolorum. Nesciunt aliquam ad quia accusantium illo dolore commodi. Quasi est consequuntur qui sunt eum ea est aperiam.',1,0,NULL,'1971-05-24 07:19:15','2021-03-16 14:45:23'),(904,4,97,'Non omnis voluptatibus debitis sit sed est. In voluptates quas ut. At non aliquid minus eos. Praesentium id ab voluptatem aliquam.',1,1,0,'2015-04-06 02:41:36','2021-03-16 14:45:23'),(905,5,1,'Et incidunt sit eaque quis est. Consequatur laboriosam repellendus id suscipit. Error voluptatem et natus. Facilis alias beatae iure necessitatibus consequatur minus.',0,0,NULL,'2006-01-24 23:24:40','2021-03-16 14:45:23'),(906,6,21,'Asperiores dolor amet est beatae et. Aliquid dolor voluptatum recusandae sed soluta.',0,1,0,'2006-03-01 03:29:48','2021-03-16 14:45:23'),(907,7,90,'Recusandae a repudiandae qui qui dolores rerum eum. Ab praesentium eos quaerat voluptates tenetur et sed. Unde at veritatis quas magni est et consequatur. Error dignissimos qui a dolorem.',1,0,NULL,'1984-01-10 22:23:43','2021-03-16 14:45:23'),(908,8,13,'Minima ducimus possimus veniam consequatur magnam. Voluptatibus non sed cupiditate laborum sapiente. Voluptates adipisci cum et. Adipisci quis et inventore recusandae non.',1,1,1,'1986-03-11 14:56:55','2021-03-16 14:45:23'),(909,9,52,'Asperiores ipsum eaque iure assumenda eius blanditiis. A occaecati corporis dignissimos et. Laborum enim maiores et optio. Ea voluptatem velit quam aut in placeat aspernatur laudantium.',0,1,1,'1993-01-16 03:24:03','2021-03-16 14:45:23'),(910,10,77,'Libero ipsum voluptatem molestiae et sunt et et. Magni id voluptas quisquam maiores qui ipsum quibusdam placeat. Necessitatibus sit earum at incidunt earum. Commodi vero blanditiis nihil sit.',0,0,NULL,'2014-11-26 12:24:14','2021-03-16 14:45:23'),(911,11,36,'Adipisci nisi rerum odio quia velit sint praesentium. Neque voluptatibus incidunt veniam placeat repudiandae tempore est. Rerum similique qui nostrum qui quidem vel saepe.',0,1,0,'1974-08-04 14:01:23','2021-03-16 14:45:23'),(912,12,68,'Accusantium perspiciatis dolorem atque illo odit rem ut. Natus illum nihil omnis officiis. Deleniti dolorem velit est odit nostrum. Reprehenderit ut consequatur et ut.',0,1,1,'1983-05-13 12:01:35','2021-03-16 14:45:23'),(913,13,57,'Eum distinctio est quidem pariatur reiciendis vel unde. Sit fuga voluptatibus eligendi tempore repellendus minus. Tempora sequi aspernatur quaerat repudiandae quis. At et enim ex adipisci.',0,1,1,'1986-07-03 21:25:12','2021-03-16 14:45:23'),(914,14,51,'Corrupti dolorem aliquam recusandae qui exercitationem repellendus. Alias unde vel molestiae perferendis ratione est repellat.',1,0,NULL,'2000-12-18 13:01:09','2021-03-16 14:45:23'),(915,15,79,'Ad minima iste aut fuga nihil sit. Illo sed quis veniam odio consequuntur est.',0,0,NULL,'1974-03-10 00:05:16','2021-03-16 14:45:23'),(916,16,62,'Nobis veritatis tempora et labore odio natus ipsum et. Similique et impedit amet id eaque repudiandae dolor. Aliquid rerum nobis libero possimus.',0,0,NULL,'1978-10-06 14:04:15','2021-03-16 14:45:23'),(917,17,46,'Enim autem beatae inventore laboriosam tempore quia. Laudantium quia est modi optio est. Sed praesentium harum molestias quia est.',0,1,0,'2009-11-13 01:59:04','2021-03-16 14:45:23'),(918,18,30,'Iure cumque blanditiis autem est. Laudantium voluptas quidem totam dolorem exercitationem et odit et. Impedit eos vitae fugiat voluptates optio labore.',0,0,NULL,'1975-06-26 03:41:14','2021-03-16 14:45:23'),(919,19,59,'Quia laborum maiores est. Voluptas esse ad non at deleniti quia deserunt. Sunt sed eius et dolorem aut velit.',0,0,NULL,'1996-09-08 23:17:04','2021-03-16 14:45:23'),(920,20,88,'Quia consequatur delectus perspiciatis aut voluptatem amet velit. Sit consequatur et ut ea neque vitae quia vitae. Est dolor deleniti at animi nemo est. Cumque quo eos veniam soluta corrupti architecto et.',0,0,NULL,'1977-06-23 05:33:58','2021-03-16 14:45:23'),(921,21,97,'Molestias occaecati quidem praesentium et tenetur. Soluta blanditiis reiciendis harum soluta debitis.',1,0,NULL,'1976-03-03 15:14:30','2021-03-16 14:45:23'),(922,22,100,'Qui nisi repellendus inventore autem eos aperiam dolorum. Doloremque recusandae repellendus doloribus exercitationem impedit occaecati. Sint nihil quibusdam recusandae quo architecto et et in.',1,0,NULL,'1993-03-11 23:46:59','2021-03-16 14:45:23'),(923,23,69,'Aspernatur sapiente sequi quas iure dolorem. Cupiditate itaque aliquam dolor voluptas itaque. Omnis quod et quod id in laboriosam. Assumenda voluptatem aut eveniet et et delectus mollitia iusto.',1,0,NULL,'2003-08-02 08:49:08','2021-03-16 14:45:23'),(924,24,64,'Velit veritatis id doloribus quidem quis. Corporis et beatae ea voluptatem cum modi praesentium. Ut ullam est aspernatur.',1,0,NULL,'2013-04-02 19:16:56','2021-03-16 14:45:23'),(925,25,62,'Ipsam et similique quia autem. Qui aut iusto beatae. Cupiditate omnis qui est itaque recusandae.',0,1,0,'1998-10-26 23:46:01','2021-03-16 14:45:23'),(926,26,45,'Rem quia cum asperiores at id quas iusto. Error quaerat quia sit deserunt praesentium. Et quidem reiciendis sequi delectus occaecati. Minus enim quia in aut perferendis.',1,1,1,'2000-11-17 21:04:14','2021-03-16 14:45:23'),(927,27,74,'Aspernatur tempore et aliquid impedit at. Est et unde consectetur perferendis itaque. Soluta delectus aperiam dolore quia eligendi repellendus minima ab.',0,0,NULL,'2004-05-13 10:03:26','2021-03-16 14:45:23'),(928,28,4,'Sit minus nisi doloremque occaecati nam occaecati possimus. Ut amet quae debitis et rerum. Est placeat praesentium dignissimos rerum rerum aperiam id.',1,0,NULL,'1986-09-22 00:34:56','2021-03-16 14:45:23'),(929,29,2,'Libero minima est doloremque natus ut voluptatum sit. Beatae omnis sapiente voluptatum aut distinctio. Et amet molestias omnis numquam a impedit nesciunt.',0,0,NULL,'1990-04-28 13:29:36','2021-03-16 14:45:23'),(930,30,26,'Non pariatur officiis rerum modi odio unde voluptatibus beatae. Quaerat sed numquam error quia ipsam vel nam. Est et iusto sed esse. Suscipit laudantium iusto sit non suscipit maiores.',1,1,1,'2013-07-01 17:08:16','2021-03-16 14:45:23'),(931,31,15,'Dolores dolorum vel temporibus neque iusto inventore. Hic cupiditate id vel. Temporibus enim sit est harum ab possimus vitae quam. Dicta dolores id et ratione soluta aut.',0,0,NULL,'2015-12-25 02:58:49','2021-03-16 14:45:23'),(932,32,78,'Quaerat rerum similique illum aliquam. Tenetur eligendi illo ut sapiente excepturi laudantium. Et ipsum molestiae omnis exercitationem velit optio. Repudiandae quidem odit quis odio enim optio ut cumque.',1,0,NULL,'1974-05-06 14:11:58','2021-03-16 14:45:23'),(933,33,98,'Ea sint autem tempore voluptatem quaerat. Aut facilis ipsam consequatur aut aspernatur voluptate qui. Architecto expedita quae officiis voluptatem.',0,1,1,'2000-04-13 08:57:34','2021-03-16 14:45:23'),(934,34,33,'Est hic sint numquam quo. Et eum voluptas aut commodi eum. Ea quae omnis amet minima sunt porro ea.',1,0,NULL,'1971-12-09 04:58:15','2021-03-16 14:45:23'),(935,35,10,'Voluptas vel quis animi voluptatem nam cumque. Vel ut culpa vero ratione doloremque. Consequuntur exercitationem vitae vitae eius suscipit soluta. Itaque nulla culpa architecto magni. Sint incidunt ex totam iure in.',1,0,NULL,'2018-01-21 00:39:34','2021-03-16 14:45:23'),(936,36,3,'Nostrum aut aut et perferendis illum quia alias aut. Officia fugiat sed repudiandae atque odio ducimus. Voluptate voluptate quis omnis placeat ad. Maxime aliquam adipisci tempora eos occaecati quas.',0,0,NULL,'1979-01-20 22:02:35','2021-03-16 14:45:23'),(937,37,45,'Necessitatibus est sunt et voluptatibus. Corrupti reiciendis id velit tempora quibusdam impedit perferendis. Dolor assumenda optio nam non et. Voluptate eaque ut quo doloribus minus fuga velit.',0,0,NULL,'2005-03-01 03:17:33','2021-03-16 14:45:23'),(938,38,15,'Numquam et vero neque illum aut enim et. Nesciunt accusantium doloribus distinctio. Id aliquam dolorem vitae odio dolorem cum veniam.',0,0,NULL,'1995-07-13 06:51:08','2021-03-16 14:45:23'),(939,39,47,'Recusandae itaque accusamus minima architecto blanditiis. Earum voluptatem qui non nam est vitae. Consectetur nihil modi recusandae.',1,1,0,'2017-07-13 04:43:20','2021-03-16 14:45:23'),(940,40,57,'Voluptatibus eaque quia aut repellat sit. Aut delectus impedit nesciunt. Omnis iure ex quia et et sit hic quibusdam.',0,1,0,'2018-12-22 05:07:35','2021-03-16 14:45:23'),(941,41,55,'Aut fugit ratione et id. Nisi ut qui magni et esse. Aut fugit quae placeat quis. Eligendi recusandae et omnis voluptatem.',0,0,NULL,'1998-05-24 05:32:50','2021-03-16 14:45:23'),(942,42,86,'Accusamus adipisci a eos deserunt eos ullam iusto pariatur. Enim est dicta eius eligendi. Explicabo voluptas molestias optio dignissimos necessitatibus ex. Et maiores rerum vel magni est sunt sed.',0,1,0,'1983-09-11 20:26:39','2021-03-16 14:45:23'),(943,43,11,'Earum et numquam reiciendis est ad suscipit in. Maxime dolor et ratione unde aliquam dolor omnis. At dolores laboriosam est sequi. Vitae iure sapiente rem debitis autem et maxime.',0,1,1,'1994-08-06 22:47:48','2021-03-16 14:45:23'),(944,44,85,'Quisquam perspiciatis aspernatur qui saepe libero consequatur quos. Non commodi et aspernatur minima earum. Porro sint consequatur distinctio sequi. Provident quibusdam consectetur unde.',1,1,0,'1984-06-24 17:29:38','2021-03-16 14:45:23'),(945,45,88,'Ab atque aliquid itaque illum nostrum. Sed in eos corrupti fugiat earum blanditiis optio. Maiores non quaerat eveniet veniam est. Quia quo dolores alias qui repellendus facere necessitatibus sed.',1,1,1,'1980-09-04 09:28:05','2021-03-16 14:45:23'),(946,46,71,'Temporibus nihil exercitationem eos. Eum et in rem unde. Similique totam laudantium cum et.',0,1,0,'2020-11-22 04:12:19','2021-03-16 14:45:23'),(947,47,89,'Magnam laudantium qui et ipsa. Tenetur perferendis non ipsa et. Voluptatibus nostrum nisi reprehenderit et dolores sit.',1,1,1,'1990-03-05 18:38:47','2021-03-16 14:45:23'),(948,48,14,'Sunt dolor eligendi molestias rem voluptatem. Nam illo illum fuga qui. Vero laboriosam beatae dignissimos laborum harum officiis officiis.',0,1,0,'1985-09-21 15:06:00','2021-03-16 14:45:23'),(949,49,34,'Vitae recusandae velit eligendi dolorem saepe exercitationem deserunt. Fugiat aspernatur voluptatum consequatur rerum ut ea rem.',1,1,1,'2004-02-18 14:32:51','2021-03-16 14:45:23'),(950,50,56,'Voluptatem cumque aut dolorem explicabo fugit est tenetur. Rerum dolores nihil et nihil tenetur esse. Velit error natus odio.',1,0,NULL,'1996-05-31 23:38:40','2021-03-16 14:45:23'),(951,51,34,'Nostrum minus deserunt dignissimos laboriosam aspernatur ipsam corrupti reprehenderit. Sunt est architecto voluptatum enim illo doloremque. Enim sit voluptatem sapiente assumenda est magnam quibusdam. Et tenetur asperiores enim omnis nihil et sunt praesentium.',1,1,0,'2013-03-28 01:15:24','2021-03-16 14:45:23'),(952,52,4,'Id cupiditate sit asperiores a. Dicta similique adipisci id commodi omnis tenetur maiores. Voluptatem consequuntur possimus quaerat accusamus. Totam quas rerum ratione. Odit minima eos ducimus.',1,1,1,'1992-02-22 09:11:54','2021-03-16 14:45:23'),(953,53,55,'Eligendi molestiae sit itaque ea. Voluptatibus fugit pariatur molestias autem et est sed et. Velit fugit rem labore qui.',0,1,0,'1979-09-28 11:25:52','2021-03-16 14:45:23'),(954,54,88,'Inventore eligendi deleniti sed in ipsam. Ut velit dolorem vero voluptatem incidunt dolor. Iure sint ut voluptate est.',0,1,0,'2020-10-11 13:47:53','2021-03-16 14:45:23'),(955,55,33,'Culpa adipisci modi rerum. Sit perferendis harum id perferendis laboriosam. Neque consequatur architecto magnam omnis labore qui voluptatem. Quia molestias sunt quisquam et sed.',1,0,NULL,'1981-07-10 21:19:29','2021-03-16 14:45:23'),(956,56,23,'Voluptatibus saepe facere a dicta blanditiis laborum unde laborum. Consequuntur aut culpa consequatur numquam. Omnis accusamus earum voluptate vel.',1,1,0,'2009-03-27 00:34:18','2021-03-16 14:45:23'),(957,57,48,'Qui quibusdam blanditiis eius praesentium commodi sed. Magni sunt nostrum ab praesentium nemo. Nobis occaecati doloribus illo ut. Voluptatem ut rerum dolores.',1,0,NULL,'1984-12-31 22:46:32','2021-03-16 14:45:23'),(958,58,32,'Culpa corrupti numquam quo occaecati quis. Nihil officiis atque quod et.',0,1,1,'2004-07-25 21:31:16','2021-03-16 14:45:23'),(959,59,47,'Deleniti corporis ipsa reiciendis corrupti accusamus provident. Consequuntur id accusamus amet dolor quis.',0,0,NULL,'2020-04-12 01:26:17','2021-03-16 14:45:23'),(960,60,49,'Enim et optio modi incidunt dolore. Omnis sapiente dolor et et dolorem doloribus. Sint id reprehenderit omnis sint quae ut quas. Ab facilis veritatis facere quia tempora id qui veritatis.',1,1,1,'2003-09-01 09:27:46','2021-03-16 14:45:23'),(961,61,7,'Quas saepe minima ipsa corporis asperiores commodi. Accusantium fugiat sit quas. Omnis explicabo cum blanditiis nesciunt quo ipsum saepe. Officiis omnis illo non architecto.',1,0,NULL,'2004-12-12 08:38:21','2021-03-16 14:45:23'),(962,62,57,'Dignissimos quidem harum est rerum et. Autem eum eaque provident quae aliquam quibusdam. Culpa ad dolorem totam accusantium molestiae. Eos et optio provident voluptatibus.',1,1,1,'1981-06-06 01:54:06','2021-03-16 14:45:23'),(963,63,75,'Sint in quasi sit repudiandae repellat quis et. Eveniet repellendus consequuntur ea modi soluta cupiditate. Iste excepturi voluptatum quas vero a.',0,1,1,'2000-12-09 10:33:51','2021-03-16 14:45:23'),(964,64,98,'Maiores ex blanditiis hic error vero. Enim dolorem et voluptas dicta ad delectus fugit ut. Omnis facilis deleniti officia ut sit ipsa.',0,0,NULL,'1999-05-04 00:48:21','2021-03-16 14:45:23'),(965,65,57,'Et amet nam sed optio esse. Ad voluptatem maxime voluptatem ab.',0,0,NULL,'2017-12-26 02:44:28','2021-03-16 14:45:23'),(966,66,33,'Tenetur quia aut tenetur harum laboriosam aspernatur alias. Rerum ea porro doloribus debitis repudiandae in blanditiis. Quia in laudantium et qui est quasi modi.',1,1,0,'1990-01-04 07:45:25','2021-03-16 14:45:23'),(967,67,77,'Rerum et expedita ratione iusto. Et ea assumenda nesciunt commodi. Harum itaque ut in aut deserunt. Aut non architecto illum accusamus autem.',1,1,0,'1980-04-10 00:58:39','2021-03-16 14:45:23'),(968,68,27,'Eos quia architecto ut in sunt nemo ea. Qui porro expedita rerum molestias sed quaerat nesciunt hic. Eius non voluptatem dolores. Debitis laborum autem similique nihil molestiae sit ut.',0,1,0,'2012-01-10 17:10:00','2021-03-16 14:45:23'),(969,69,71,'Minima adipisci labore quam optio placeat repellat aut. Voluptates deleniti laboriosam tempore accusantium maiores mollitia sed. Aut sapiente nemo nulla a distinctio eveniet quidem.',0,1,0,'1975-02-05 01:01:45','2021-03-16 14:45:23'),(970,70,92,'Porro ducimus in similique labore incidunt libero consequuntur. Nostrum non voluptas ut aut tempore commodi voluptate. Cupiditate quaerat autem dolores ipsum illum velit. Deleniti earum consequatur reprehenderit voluptas in ut unde dolore.',1,0,NULL,'1984-07-23 10:55:23','2021-03-16 14:45:23'),(971,71,54,'Exercitationem ut harum dolorum. Pariatur iste est sunt sed. Rerum atque fugit adipisci delectus voluptatem aliquam. Et repudiandae eligendi vel officiis aut quia.',1,1,0,'2007-04-29 01:30:50','2021-03-16 14:45:23'),(972,72,77,'Error maiores pariatur sunt dolor. Qui neque ut omnis aliquid quam illum enim et. Consectetur enim eligendi incidunt et expedita ipsam laborum ipsa. Ipsum debitis facere numquam ut eaque enim.',1,0,NULL,'2008-05-05 11:12:45','2021-03-16 14:45:23'),(973,73,55,'Distinctio non asperiores eum explicabo perferendis. Earum nulla beatae quia neque ratione quos dolores. Qui quo voluptas ea dolore eos. Id quam fugit ut saepe. Perferendis iusto ad blanditiis laudantium.',0,1,1,'1972-02-03 02:20:10','2021-03-16 14:45:23'),(974,74,96,'Atque aut minima quidem et incidunt exercitationem quia dolorem. Velit qui officia nobis officiis velit enim nam. Praesentium debitis repellendus autem quis qui facilis dolore.',1,0,NULL,'1999-03-02 21:49:31','2021-03-16 14:45:23'),(975,75,11,'Aliquid officia dolores natus in sunt sunt. Eveniet occaecati dicta aperiam est molestiae. Tenetur aspernatur deserunt pariatur similique. Dignissimos et expedita officia optio quo consequatur sint.',1,1,0,'1988-05-11 23:10:45','2021-03-16 14:45:23'),(976,76,19,'Rerum tempora dolore inventore. Ea voluptatibus consequatur minima dolorem. Ex ratione mollitia animi molestiae et ullam.',0,0,NULL,'1986-02-12 15:32:12','2021-03-16 14:45:23'),(977,77,93,'Veritatis labore doloribus iste et laudantium. Sed maiores aperiam odit sint est laboriosam facere facilis. Reprehenderit voluptas doloribus consequatur delectus optio ea quia.',1,0,NULL,'1970-06-30 01:20:40','2021-03-16 14:45:23'),(978,78,66,'Rem nobis aut recusandae magnam dolore natus ex. Recusandae totam provident labore autem maxime distinctio et. Laborum placeat sint quod possimus accusantium qui.',0,0,NULL,'2001-12-10 22:46:22','2021-03-16 14:45:23'),(979,79,39,'Dolorum assumenda quae inventore quibusdam exercitationem voluptatem quidem. Amet ad est a beatae qui praesentium repudiandae illo. Rem qui eos maxime est rerum. Et ut totam ipsa aut iste eos quasi quam.',0,0,NULL,'2003-01-09 02:48:47','2021-03-16 14:45:23'),(980,80,41,'Necessitatibus sunt perferendis rem rerum. Voluptate incidunt dolores labore ducimus est. Illo saepe illo libero laboriosam ut.',1,1,1,'1978-09-29 15:07:48','2021-03-16 14:45:23'),(981,81,27,'Autem ex animi quisquam ea asperiores eligendi magni. Perspiciatis eaque ex consequatur alias quis deserunt. Adipisci minus natus vel voluptatem non. Aut quia sunt odit ratione. Soluta reiciendis laborum ut sed et facilis nihil pariatur.',1,0,NULL,'1986-02-24 21:00:07','2021-03-16 14:45:23'),(982,82,61,'Explicabo incidunt expedita qui facilis quibusdam. Hic tempora alias quos ipsa eveniet. Asperiores consectetur et similique assumenda qui dolore.',1,1,1,'2014-12-01 18:36:34','2021-03-16 14:45:23'),(983,83,100,'Neque tempora libero ut in expedita. Saepe dolores harum voluptates doloribus eveniet facere corrupti. Laudantium ut voluptas quod in delectus exercitationem et. Tempore sapiente qui quisquam delectus reprehenderit a.',1,0,NULL,'2001-12-27 18:18:24','2021-03-16 14:45:23'),(984,84,46,'Similique cum et ut rerum eum. Incidunt est iure eaque id. Qui eos nihil voluptatem minus tenetur quidem quos. Nostrum praesentium et voluptas modi magnam facilis consequatur ut.',1,1,1,'2003-02-15 17:45:25','2021-03-16 14:45:23'),(985,85,72,'Maxime voluptate ipsum dicta natus. Dolor blanditiis quae doloremque architecto explicabo pariatur non a. Maiores quis quas vel qui sint qui explicabo. Consequuntur exercitationem autem autem repellat officiis tempore quia. Sint voluptatibus voluptatem reiciendis perspiciatis voluptatem facere.',0,1,0,'1983-01-01 15:02:19','2021-03-16 14:45:23'),(986,86,6,'Enim ullam neque eaque ut libero quaerat. Ut soluta laboriosam ipsam delectus perferendis placeat vel. Quibusdam autem reiciendis aspernatur molestias. Eum consectetur pariatur neque nihil.',0,1,1,'1976-07-07 21:34:51','2021-03-16 14:45:23'),(987,87,23,'Reiciendis enim quisquam qui velit. Aut repellendus ratione exercitationem quidem error est.',0,0,NULL,'2015-08-08 00:51:00','2021-03-16 14:45:23'),(988,88,29,'Consequatur expedita inventore voluptatem doloremque est. Deserunt aliquam sunt commodi asperiores beatae ut corporis. Dignissimos consectetur distinctio nisi sit tempora dicta totam.',1,1,0,'1975-11-09 11:54:18','2021-03-16 14:45:23'),(989,89,58,'Voluptas natus in dolor soluta tempore aut. Animi beatae rerum dignissimos iusto. Tempore optio at fuga reprehenderit. Fugit dolorum quia quae ullam consequuntur similique iusto. Non id omnis quae id molestiae dolorum provident modi.',1,0,NULL,'2013-06-20 22:37:46','2021-03-16 14:45:23'),(990,90,57,'Ut aperiam natus et sit in. Consequatur quia commodi laboriosam incidunt. Atque ipsum qui molestiae odio reiciendis.',1,0,NULL,'2009-11-25 05:29:18','2021-03-16 14:45:23'),(991,91,80,'Ut voluptas officiis neque aut sed qui et cupiditate. Et et natus quasi. Perspiciatis laboriosam quis libero quo.',1,1,0,'1987-01-01 03:15:21','2021-03-16 14:45:23'),(992,92,89,'Similique aut aut voluptatem corporis libero tenetur praesentium ut. Aut delectus dolores quia magnam praesentium exercitationem et. Aut optio labore qui quas laudantium. Nemo consequatur aliquid autem itaque ut. Vitae id in vitae totam qui id qui.',1,0,NULL,'1971-10-10 21:41:36','2021-03-16 14:45:23'),(993,93,13,'Fugiat odit cum aspernatur dolores in voluptatibus. Ipsa vel rem officiis nihil quae accusamus vel. Dolorum quo qui deleniti voluptatem doloribus cum veritatis minima. Corporis ratione a fuga sapiente eaque pariatur. Non voluptatum dolores aperiam.',1,0,NULL,'1987-03-17 19:37:55','2021-03-16 14:45:23'),(994,94,98,'Consectetur sint molestiae nihil doloribus. Impedit deleniti consequatur voluptatem aut. Nesciunt explicabo omnis rerum labore.',1,1,0,'1989-07-30 02:54:05','2021-03-16 14:45:23'),(995,95,59,'Qui facilis sint voluptatem et inventore. Corporis nihil vel et qui natus deleniti veniam et. Aut quod iure reprehenderit voluptatibus. Dolorum alias qui rerum.',1,1,0,'1997-08-09 21:25:45','2021-03-16 14:45:23'),(996,96,29,'Molestiae eius numquam in et. Praesentium nesciunt tempora porro quos.',0,1,1,'1993-10-08 14:29:55','2021-03-16 14:45:23'),(997,97,63,'Ut dolores libero quam. Dolor omnis quis deleniti eos. Autem iure inventore saepe dolorem.',1,0,NULL,'2018-06-15 11:55:43','2021-03-16 14:45:23'),(998,98,91,'Repellendus et pariatur modi iure. Amet incidunt voluptas quidem illum accusamus. Eveniet voluptatibus consectetur ipsam illo.',1,0,NULL,'1986-03-27 00:09:48','2021-03-16 14:45:23'),(999,99,33,'Assumenda eligendi et harum iusto voluptates eius quia. Accusantium accusantium corrupti voluptatum ut et sapiente ipsam. Quam voluptatem consequatur omnis ut ipsa fugiat quibusdam.',1,1,0,'1999-05-23 10:24:36','2021-03-16 14:45:23'),(1000,100,65,'Eos et quia ut fugit asperiores sapiente ut. Et sequi dolores molestiae expedita vero eum. Et doloribus eius quia recusandae nihil. Facere et illum et vero omnis maiores deleniti sunt.',1,0,NULL,'2009-05-08 19:33:17','2021-03-16 14:45:23');
/*!40000 ALTER TABLE `messages` ENABLE KEYS */;
UNLOCK TABLES;

--
-- Table structure for table `profiles`
--

DROP TABLE IF EXISTS `profiles`;
/*!40101 SET @saved_cs_client     = @@character_set_client */;
/*!50503 SET character_set_client = utf8mb4 */;
CREATE TABLE `profiles` (
  `user_id` int unsigned NOT NULL COMMENT 'Ссылка на пользователя',
  `first_name` varchar(100) COLLATE utf8mb4_unicode_ci NOT NULL COMMENT 'Имя пользователя',
  `last_name` varchar(100) COLLATE utf8mb4_unicode_ci NOT NULL COMMENT 'Фамилия пользователя',
  `patronymic_name` varchar(100) COLLATE utf8mb4_unicode_ci DEFAULT NULL COMMENT 'Отчество пользователя',
  `gender_id` int unsigned DEFAULT NULL,
  `birthday` date DEFAULT NULL COMMENT 'Дата рождения',
  `photo_id` int unsigned DEFAULT NULL COMMENT 'Ссылка на основную фотографию пользователя',
  `user_status_id` int unsigned DEFAULT NULL,
  `city` varchar(130) CHARACTER SET utf8mb4 COLLATE utf8mb4_unicode_ci DEFAULT NULL COMMENT 'Город проживания',
  `country` varchar(130) CHARACTER SET utf8mb4 COLLATE utf8mb4_unicode_ci DEFAULT NULL COMMENT 'Страна проживания',
  `created_at` datetime DEFAULT CURRENT_TIMESTAMP COMMENT 'Время создания строки',
  `updated_at` datetime DEFAULT CURRENT_TIMESTAMP ON UPDATE CURRENT_TIMESTAMP COMMENT 'Время обновления строки',
  PRIMARY KEY (`user_id`)
) ENGINE=InnoDB DEFAULT CHARSET=utf8mb4 COLLATE=utf8mb4_unicode_ci COMMENT='Профили';
/*!40101 SET character_set_client = @saved_cs_client */;

--
-- Dumping data for table `profiles`
--

LOCK TABLES `profiles` WRITE;
/*!40000 ALTER TABLE `profiles` DISABLE KEYS */;
INSERT INTO `profiles` VALUES (1,'Albert','Beier','Albert',2,'2020-05-13',NULL,2,'Haleyville','6646','1992-05-20 19:12:30','2021-03-16 14:45:24'),(2,'Malcolm','Kilback','Malcolm',1,'2009-05-18',NULL,1,'Rennerside','1786','1971-10-24 11:37:08','2021-03-16 14:45:24'),(3,'Sonia','Koepp','Sonia',2,'1973-02-06',NULL,1,'Lake Angel','1366452','1996-09-18 02:02:40','2021-03-16 14:45:24'),(4,'Eula','Torphy','Eula',1,'1978-10-22',NULL,1,'New Evebury','61746706','1970-04-21 05:59:50','2021-03-16 14:45:24'),(5,'Kyra','Moen','Kyra',1,'1972-06-17',NULL,1,'Port Tabithaberg','945711873','2014-02-08 14:33:06','2021-03-16 14:45:24'),(6,'Deshaun','Fay','Deshaun',1,'1994-03-24',NULL,2,'North Theresiastad','43550','1975-01-24 02:59:48','2021-03-16 14:45:24'),(7,'Rasheed','Gibson','Rasheed',2,'1998-05-04',NULL,1,'Sawaynland','507806','2020-10-22 03:15:53','2021-03-16 14:45:24'),(8,'Leilani','Schaefer','Leilani',2,'1996-04-06',NULL,1,'Vandervortside','73','2009-11-29 11:32:07','2021-03-16 14:45:24'),(9,'Nayeli','Gulgowski','Nayeli',2,'2001-02-18',NULL,1,'Kacieview','63815','1992-12-29 22:19:49','2021-03-16 14:45:24'),(10,'Delphia','Walsh','Delphia',1,'1974-01-19',NULL,1,'East Giovaniville','6277307','2003-05-03 09:19:03','2021-03-16 14:45:24'),(11,'June','Daugherty','June',2,'2003-12-13',11,2,'South Collin','90356873','1976-05-03 15:59:33','2021-03-16 14:45:24'),(12,'Vincenza','Shields','Vincenza',1,'1974-01-04',NULL,1,'West Brendenborough','66180674','2005-08-28 20:08:36','2021-03-16 14:45:24'),(13,'Merle','Von','Merle',2,'2006-02-09',13,2,'Carmineburgh','1','1980-06-20 22:38:33','2021-03-16 14:45:24'),(14,'Virginia','Johnston','Virginia',1,'1989-06-03',14,2,'Danielmouth','598088','1983-10-30 06:47:07','2021-03-16 14:45:24'),(15,'Luigi','Block','Luigi',2,'1996-12-12',NULL,2,'New Zulaville','50755','1975-11-21 13:24:22','2021-03-16 14:45:24'),(16,'Braulio','Becker','Braulio',2,'1985-08-22',NULL,2,'Port Veronica','','2004-10-15 10:53:29','2021-03-16 14:45:24'),(17,'Anika','Nicolas','Anika',1,'1999-01-30',NULL,2,'New Tessieton','4904912','2004-09-26 10:32:47','2021-03-16 14:45:24'),(18,'Beaulah','O\'Conner','Beaulah',1,'2004-07-17',NULL,2,'Murazikstad','613964548','1973-04-02 17:28:31','2021-03-16 14:45:24'),(19,'Alexandro','Kemmer','Alexandro',1,'2015-02-05',19,2,'North Joan','585','1999-08-09 16:06:35','2021-03-16 14:45:24'),(20,'Lorna','Herman','Lorna',2,'2010-12-19',NULL,2,'Leannonside','896161520','2003-03-27 12:12:36','2021-03-16 14:45:24'),(21,'Elijah','O\'Kon','Elijah',1,'1982-09-09',NULL,1,'Genemouth','7564','1970-09-29 09:40:47','2021-03-16 14:45:24'),(22,'Candido','Pfannerstill','Candido',1,'1992-09-28',NULL,1,'Schultzton','40','1988-03-03 20:19:39','2021-03-16 14:45:24'),(23,'Willis','Stiedemann','Willis',1,'2017-06-08',NULL,2,'Francoside','454','1990-07-08 20:52:43','2021-03-16 14:45:24'),(24,'Elda','Kuhic','Elda',1,'2017-11-09',NULL,1,'North Eldridge','22640','2016-10-17 10:24:26','2021-03-16 14:45:24'),(25,'Giovanny','Lang','Giovanny',2,'1974-06-06',NULL,1,'Romagueraview','75','2005-04-26 17:16:25','2021-03-16 14:45:24'),(26,'Imelda','Morar','Imelda',1,'1983-05-19',NULL,2,'Connellyville','589122','1980-04-18 03:40:04','2021-03-16 14:45:24'),(27,'Saige','Luettgen','Saige',1,'2002-02-03',NULL,2,'Alycefort','76324839','1976-02-16 05:07:35','2021-03-16 14:45:24'),(28,'Stacey','Shields','Stacey',1,'1974-03-15',NULL,2,'Davonport','616140','1977-12-01 18:19:45','2021-03-16 14:45:24'),(29,'Gaylord','Mayert','Gaylord',1,'1989-10-15',29,1,'Rosenbaumfort','6','1980-04-11 05:39:03','2021-03-16 14:45:24'),(30,'Tony','Morar','Tony',2,'1970-08-19',30,2,'Deanborough','9','2014-03-21 22:01:10','2021-03-16 14:45:24'),(31,'Theo','Purdy','Theo',1,'1973-05-25',NULL,1,'Rodriguezton','707105','1979-03-23 11:11:19','2021-03-16 14:45:24'),(32,'Rosalia','Ritchie','Rosalia',1,'1996-12-02',NULL,2,'East Violet','55519','2017-06-02 03:53:04','2021-03-16 14:45:24'),(33,'Berry','Hessel','Berry',2,'1979-05-05',NULL,1,'West Damaris','2','2010-10-27 22:37:15','2021-03-16 14:45:24'),(34,'Adolfo','Boyle','Adolfo',2,'2011-12-26',NULL,1,'East Erling','49851613','2006-05-04 19:49:12','2021-03-16 14:45:24'),(35,'Hoyt','Satterfield','Hoyt',2,'1973-08-07',NULL,2,'East Deon','647042987','1995-03-26 20:05:26','2021-03-16 14:45:24'),(36,'Patience','Rosenbaum','Patience',1,'1980-06-21',NULL,2,'West Mariahaven','6062723','2016-04-18 17:22:34','2021-03-16 14:45:24'),(37,'Bert','Boyer','Bert',2,'2000-02-08',37,2,'South Ellenberg','22767341','1986-01-05 15:33:09','2021-03-16 14:45:24'),(38,'Chet','Schumm','Chet',2,'1994-06-01',38,1,'West Freda','26961742','1977-04-16 03:58:32','2021-03-16 14:45:24'),(39,'Urban','Corwin','Urban',1,'2014-08-07',39,2,'Lake Kaciechester','9453','1974-09-04 02:24:29','2021-03-16 14:45:24'),(40,'Brandt','D\'Amore','Brandt',1,'1998-12-01',40,1,'Sierrashire','71315226','1984-08-17 05:09:03','2021-03-16 14:45:24'),(41,'Jewel','Kemmer','Jewel',2,'1999-05-26',41,2,'Brownshire','582895','1985-08-06 18:40:36','2021-03-16 14:45:24'),(42,'Patricia','Veum','Patricia',1,'2002-04-06',NULL,1,'Port Catalina','35377626','2008-07-10 03:08:01','2021-03-16 14:45:24'),(43,'Zane','Walsh','Zane',1,'1994-07-23',43,2,'Lake Ellisshire','14968468','1985-01-21 23:41:01','2021-03-16 14:45:24'),(44,'Esmeralda','Klocko','Esmeralda',2,'2013-05-31',44,2,'Swiftmouth','385','2003-08-10 11:58:03','2021-03-16 14:45:24'),(45,'Pinkie','Jast','Pinkie',2,'2010-04-12',NULL,2,'Lake Francisca','586832','2006-04-19 15:33:05','2021-03-16 14:45:24'),(46,'Marcia','Ruecker','Marcia',1,'2001-01-02',NULL,2,'Houstonstad','','1974-06-01 22:16:33','2021-03-16 14:45:24'),(47,'Sierra','Pagac','Sierra',1,'2017-11-22',NULL,1,'Dickinsonland','8912','1983-08-23 22:29:51','2021-03-16 14:45:24'),(48,'Danika','Halvorson','Danika',1,'1994-02-11',48,2,'Port Kayleeburgh','','1970-11-14 18:15:20','2021-03-16 14:45:24'),(49,'Barry','Mayer','Barry',2,'1971-04-20',NULL,2,'Lake Sylvan','71','1978-04-12 07:43:50','2021-03-16 14:45:24'),(50,'Trudie','Strosin','Trudie',1,'2020-04-30',50,1,'Derrickton','711918721','1998-08-08 09:47:20','2021-03-16 14:45:24'),(51,'Dusty','Langosh','Dusty',2,'1973-12-12',NULL,1,'Bogisichbury','8056','2018-08-24 07:55:54','2021-03-16 14:45:24'),(52,'Enrique','Buckridge','Enrique',1,'1974-08-22',52,2,'West Miguel','9','1997-05-24 08:38:41','2021-03-16 14:45:24'),(53,'Major','Nader','Major',2,'2008-02-08',NULL,2,'Cronahaven','435','2011-10-21 18:35:29','2021-03-16 14:45:24'),(54,'Tyrique','Denesik','Tyrique',2,'2011-10-07',54,1,'Abelfort','92','2006-12-11 09:16:09','2021-03-16 14:45:24'),(55,'Earl','Sawayn','Earl',2,'2019-09-16',NULL,2,'Kassulkeborough','715935176','1972-11-21 18:35:40','2021-03-16 14:45:24'),(56,'Henry','Renner','Henry',1,'2010-02-02',56,1,'Port Stephanie','81','1976-01-05 01:07:09','2021-03-16 14:45:24'),(57,'Humberto','White','Humberto',1,'2008-11-08',57,2,'Burdetteberg','403122570','2000-01-11 07:48:54','2021-03-16 14:45:24'),(58,'Kendall','Rau','Kendall',2,'2014-07-12',NULL,2,'North Melba','938793995','1983-09-26 06:10:46','2021-03-16 14:45:24'),(59,'Tyree','Runolfsson','Tyree',1,'1998-03-06',NULL,2,'Noemyberg','997','2017-12-02 17:33:23','2021-03-16 14:45:24'),(60,'Wiley','Rodriguez','Wiley',1,'1993-11-24',NULL,2,'Bethton','','1976-02-03 03:35:07','2021-03-16 14:45:24'),(61,'Fae','Padberg','Fae',1,'1978-03-01',NULL,1,'Fayfort','975224','2010-09-13 00:42:31','2021-03-16 14:45:24'),(62,'Duane','Wunsch','Duane',2,'1987-12-12',NULL,2,'Emmerichton','1','1979-07-05 09:03:38','2021-03-16 14:45:24'),(63,'Casimir','Anderson','Casimir',1,'1996-04-29',NULL,2,'Brendanview','2762288','1980-12-23 03:19:42','2021-03-16 14:45:24'),(64,'Reginald','Stracke','Reginald',2,'1975-07-28',NULL,2,'North Candidashire','7313895','1979-12-10 22:56:17','2021-03-16 14:45:24'),(65,'Kayla','Greenholt','Kayla',2,'2015-12-31',NULL,2,'Leamouth','993207492','1972-06-25 15:18:12','2021-03-16 14:45:24'),(66,'Roslyn','Greenfelder','Roslyn',2,'1986-07-15',NULL,2,'Jakubowskifort','573','1979-08-09 09:29:59','2021-03-16 14:45:24'),(67,'Alexandro','Koepp','Alexandro',1,'2004-05-07',NULL,2,'McDermottmouth','958','2004-08-30 11:02:27','2021-03-16 14:45:24'),(68,'Lacey','Dach','Lacey',2,'2012-06-20',68,2,'Francescaside','465','1971-06-27 05:46:41','2021-03-16 14:45:24'),(69,'Marilie','Pouros','Marilie',1,'1990-01-19',69,1,'South Piper','91','1978-01-03 02:05:18','2021-03-16 14:45:24'),(70,'Kali','Beatty','Kali',2,'2001-07-03',70,1,'Lake Jerel','1002','2009-01-11 12:22:35','2021-03-16 14:45:24'),(71,'Hertha','Hahn','Hertha',1,'1975-06-07',71,1,'Beattyland','3385','2009-09-14 10:46:59','2021-03-16 14:45:24'),(72,'Nakia','Mueller','Nakia',2,'1973-11-26',NULL,1,'New Eugenia','1970401','1993-05-26 08:33:17','2021-03-16 14:45:24'),(73,'Houston','Price','Houston',2,'1975-01-04',NULL,1,'Jalentown','22','1993-08-11 16:15:16','2021-03-16 14:45:24'),(74,'Norbert','Stamm','Norbert',1,'2016-02-01',NULL,2,'South Lemuel','20914','2010-01-20 02:41:10','2021-03-16 14:45:24'),(75,'Broderick','Kub','Broderick',1,'2014-10-05',NULL,2,'North Tito','98507731','1996-03-09 15:50:21','2021-03-16 14:45:24'),(76,'Eliane','Considine','Eliane',1,'1994-08-04',NULL,1,'Port Albinastad','66047','1995-01-13 03:47:23','2021-03-16 14:45:24'),(77,'Kassandra','Haag','Kassandra',2,'1979-07-26',NULL,1,'New Manley','692','1978-03-19 17:35:00','2021-03-16 14:45:24'),(78,'Elmore','Yost','Elmore',1,'2011-04-11',78,1,'Bernardhaven','64810137','1995-02-23 21:34:08','2021-03-16 14:45:24'),(79,'Kory','Kuhn','Kory',1,'1983-10-03',NULL,1,'Brookehaven','575460','1986-03-09 07:21:25','2021-03-16 14:45:24'),(80,'Jaquelin','Cummings','Jaquelin',1,'2016-02-01',NULL,1,'Wardhaven','65','1998-10-13 08:06:26','2021-03-16 14:45:24'),(81,'Delpha','Goyette','Delpha',2,'1982-05-23',NULL,1,'North Lorena','564','1994-02-15 23:19:14','2021-03-16 14:45:24'),(82,'Arne','Rath','Arne',1,'2016-06-08',NULL,1,'Bryanaberg','2284','2002-09-26 18:15:43','2021-03-16 14:45:24'),(83,'Gregory','Kutch','Gregory',1,'2009-09-17',NULL,1,'Bradtkechester','57','2012-11-16 10:56:30','2021-03-16 14:45:24'),(84,'Emilio','Volkman','Emilio',1,'1994-07-18',NULL,2,'Shawnaport','15660','2015-07-24 22:09:50','2021-03-16 14:45:24'),(85,'Letitia','Schmeler','Letitia',2,'2013-03-28',85,1,'Donnabury','299792047','1982-01-02 03:37:55','2021-03-16 14:45:24'),(86,'Bridgette','Wilkinson','Bridgette',2,'2019-05-11',NULL,2,'Vergiemouth','2','2007-01-03 03:39:17','2021-03-16 14:45:24'),(87,'Terrell','Olson','Terrell',1,'1971-12-10',87,1,'East Kaciestad','11827','2019-07-04 07:16:22','2021-03-16 14:45:24'),(88,'Floyd','Gaylord','Floyd',2,'1984-05-09',NULL,2,'Prohaskaland','28','2001-01-16 22:23:36','2021-03-16 14:45:24'),(89,'Eddie','Fahey','Eddie',2,'2006-12-08',89,1,'Gutmanntown','3','2014-08-13 04:53:11','2021-03-16 14:45:24'),(90,'Chaz','Corkery','Chaz',1,'1990-05-01',NULL,1,'Marksland','2','2009-09-19 22:06:56','2021-03-16 14:45:24'),(91,'Kenyon','Lueilwitz','Kenyon',2,'2003-09-20',NULL,2,'South Shanelleville','8407','1999-08-24 11:05:54','2021-03-16 14:45:24'),(92,'Dwight','Jones','Dwight',2,'1974-05-05',92,1,'Serenaland','882251','2016-10-06 11:23:11','2021-03-16 14:45:24'),(93,'Price','Mills','Price',1,'2006-07-25',NULL,2,'Orphastad','39621','1976-12-03 16:53:23','2021-03-16 14:45:24'),(94,'Carlie','Gleason','Carlie',2,'1979-12-16',94,2,'New Milton','3986','1989-02-09 13:48:23','2021-03-16 14:45:24'),(95,'Hilma','Ernser','Hilma',1,'2012-02-29',NULL,2,'Hirthefurt','26274711','1972-09-01 22:59:05','2021-03-16 14:45:24'),(96,'Rhett','Medhurst','Rhett',2,'1995-05-02',NULL,1,'East Teagan','45','2004-06-13 17:42:18','2021-03-16 14:45:24'),(97,'Layne','White','Layne',1,'1983-11-01',NULL,1,'Jevonborough','404405020','2013-03-16 11:42:24','2021-03-16 14:45:24'),(98,'Emelia','Hane','Emelia',2,'2013-12-14',98,2,'North Nigel','573210722','1975-06-12 03:01:38','2021-03-16 14:45:24'),(99,'Andrew','Reilly','Andrew',2,'1993-12-28',NULL,1,'South Grayceside','427','1971-06-17 09:51:46','2021-03-16 14:45:24'),(100,'Leone','Wehner','Leone',1,'2010-06-13',NULL,1,'Cordellmouth','627758857','2000-01-14 21:16:01','2021-03-16 14:45:24');
/*!40000 ALTER TABLE `profiles` ENABLE KEYS */;
UNLOCK TABLES;

--
-- Table structure for table `user_statuses`
--

DROP TABLE IF EXISTS `user_statuses`;
/*!40101 SET @saved_cs_client     = @@character_set_client */;
/*!50503 SET character_set_client = utf8mb4 */;
CREATE TABLE `user_statuses` (
  `id` int unsigned NOT NULL AUTO_INCREMENT COMMENT 'Идентификатор строки',
  `name` varchar(100) NOT NULL COMMENT 'Название статуса',
  `created_at` datetime NOT NULL DEFAULT CURRENT_TIMESTAMP COMMENT 'Время создания строки',
  `updated_at` datetime DEFAULT CURRENT_TIMESTAMP ON UPDATE CURRENT_TIMESTAMP COMMENT 'Время обновления строки',
  PRIMARY KEY (`id`)
) ENGINE=InnoDB AUTO_INCREMENT=3 DEFAULT CHARSET=utf8 COMMENT='Справочник статусов пользователя';
/*!40101 SET character_set_client = @saved_cs_client */;

--
-- Dumping data for table `user_statuses`
--

LOCK TABLES `user_statuses` WRITE;
/*!40000 ALTER TABLE `user_statuses` DISABLE KEYS */;
INSERT INTO `user_statuses` VALUES (1,'Single','2021-03-16 14:45:21','2021-03-16 14:45:21'),(2,'Married','2021-03-16 14:45:21','2021-03-16 14:45:21');
/*!40000 ALTER TABLE `user_statuses` ENABLE KEYS */;
UNLOCK TABLES;

--
-- Table structure for table `users`
--

DROP TABLE IF EXISTS `users`;
/*!40101 SET @saved_cs_client     = @@character_set_client */;
/*!50503 SET character_set_client = utf8mb4 */;
CREATE TABLE `users` (
  `id` int unsigned NOT NULL AUTO_INCREMENT COMMENT 'Идентификатор строки',
  `email` varchar(100) CHARACTER SET utf8mb4 COLLATE utf8mb4_unicode_ci NOT NULL COMMENT 'Почта',
  `phone` varchar(100) CHARACTER SET utf8mb4 COLLATE utf8mb4_unicode_ci NOT NULL COMMENT 'Телефон',
  `created_at` datetime DEFAULT CURRENT_TIMESTAMP COMMENT 'Время создания строки',
  `updated_at` datetime DEFAULT CURRENT_TIMESTAMP ON UPDATE CURRENT_TIMESTAMP COMMENT 'Время обновления строки',
  PRIMARY KEY (`id`),
  UNIQUE KEY `email` (`email`),
  UNIQUE KEY `phone` (`phone`)
) ENGINE=InnoDB AUTO_INCREMENT=101 DEFAULT CHARSET=utf8mb4 COLLATE=utf8mb4_unicode_ci COMMENT='Пользователи';
/*!40101 SET character_set_client = @saved_cs_client */;

--
-- Dumping data for table `users`
--

LOCK TABLES `users` WRITE;
/*!40000 ALTER TABLE `users` DISABLE KEYS */;
INSERT INTO `users` VALUES (1,'gibson.curtis@example.org','1-546-656-7792','1992-05-30 15:03:43','1982-01-08 15:32:48'),(2,'mschaden@example.com','08899421434','2001-03-13 10:43:44','1974-04-23 00:10:52'),(3,'yabbott@example.com','340-531-7297','2006-09-12 16:00:51','1988-05-13 07:23:34'),(4,'paige77@example.org','(214)832-5033','2001-04-06 21:22:31','2017-01-07 19:58:11'),(5,'ruecker.stewart@example.com','(202)327-7800x54823','2001-02-18 07:45:43','1979-02-05 13:57:20'),(6,'susan63@example.org','+62(8)7947070171','1983-10-13 00:34:14','1998-07-21 18:53:02'),(7,'amely.maggio@example.com','1-986-948-9232','1973-03-09 01:48:17','2003-02-18 13:42:37'),(8,'meggie54@example.net','1-538-904-1869x08803','1981-09-28 23:48:06','1970-09-02 06:18:17'),(9,'ashly.lueilwitz@example.com','086.441.7477x84890','1990-11-08 03:08:27','1999-02-09 22:52:40'),(10,'sylvester86@example.org','878.194.1748','1994-10-26 22:19:12','2013-12-01 23:53:11'),(11,'allene82@example.net','05489235616','1973-06-14 01:43:50','1975-05-27 16:24:50'),(12,'brock80@example.net','1-750-984-8815x019','2007-04-16 18:15:45','2000-10-01 20:57:41'),(13,'obergnaum@example.com','(955)299-1549x21539','1989-02-19 17:41:08','2014-01-22 00:01:17'),(14,'pgaylord@example.org','517.303.9358','2011-01-09 08:19:29','1979-06-23 03:50:35'),(15,'germaine90@example.com','266.891.9932','1980-11-12 06:57:50','1991-05-12 07:28:03'),(16,'natalia.ziemann@example.net','592-238-8340','2001-02-25 22:34:51','1995-12-01 15:29:56'),(17,'bode.lourdes@example.org','(795)587-8152x89475','1993-02-22 05:51:26','1976-10-13 15:26:24'),(18,'dave.wilderman@example.org','00810809328','2001-05-21 19:46:30','1970-01-18 04:43:20'),(19,'elsa01@example.com','1-232-164-4662x981','1976-04-19 15:04:54','2017-02-27 16:37:15'),(20,'alda.stark@example.org','260-378-6913x55441','1985-05-12 19:55:05','1970-08-26 22:11:53'),(21,'king.zetta@example.com','(434)941-7688x213','1987-04-11 11:44:11','1992-02-15 20:09:13'),(22,'ylarson@example.com','1-840-629-8718x744','1971-09-17 22:23:44','1980-11-04 05:59:50'),(23,'amiya.hudson@example.com','772.537.4834','2001-04-15 06:32:37','1992-10-12 00:48:29'),(24,'kautzer.chadrick@example.org','069.758.9064','2000-07-15 19:00:23','1985-06-06 11:03:41'),(25,'dixie90@example.com','(255)784-1710x16533','2013-04-18 09:38:21','2001-03-31 20:44:26'),(26,'jackeline.paucek@example.com','(394)063-7982x03723','1984-07-30 18:36:01','1984-10-09 00:53:02'),(27,'bwitting@example.net','(397)323-6959x994','1984-02-29 09:22:35','2011-03-27 22:59:56'),(28,'harber.heidi@example.org','536-973-8523x425','2006-09-24 20:50:04','1990-08-24 13:36:35'),(29,'mtremblay@example.net','02959260770','2017-02-13 06:43:26','2017-07-03 23:14:21'),(30,'dameon.gleason@example.com','990-006-3219','1991-12-22 05:52:53','1999-05-30 09:39:13'),(31,'kelli.strosin@example.com','433.118.2307x02056','1970-10-25 10:52:41','1990-03-17 20:53:57'),(32,'walker.webster@example.com','093-038-9488x24876','2018-03-23 06:52:40','2015-10-03 12:43:15'),(33,'carmela.daugherty@example.net','(141)399-6021x0258','1974-03-16 06:02:45','1982-12-29 23:26:20'),(34,'chelsie38@example.net','936-319-8245x1543','2006-08-29 17:29:47','1988-12-09 10:17:36'),(35,'kutch.leanna@example.org','544.959.5109x56240','1997-04-08 06:25:23','1982-05-30 14:56:31'),(36,'joe.howe@example.net','05522845046','2013-05-13 12:18:13','1990-12-22 01:46:45'),(37,'dlarkin@example.com','754-534-3961','2013-05-29 11:39:22','2017-02-02 15:03:26'),(38,'hjohnston@example.com','+64(4)6375103576','1986-10-04 00:13:02','2003-07-20 13:41:21'),(39,'sydni07@example.net','326.307.7276x718','1999-01-27 00:03:53','1976-05-12 17:05:15'),(40,'msipes@example.net','1-858-761-8578x19851','1992-06-19 07:59:57','2001-11-16 22:01:44'),(41,'hahn.sherman@example.net','1-071-040-9029','1974-12-11 11:01:53','1977-06-15 13:31:25'),(42,'chet27@example.com','02150115740','1986-10-09 07:33:48','2011-04-27 05:18:59'),(43,'zoie.schaefer@example.net','048.021.7771','2002-04-06 02:58:02','1991-05-06 16:13:11'),(44,'jamaal.white@example.net','1-624-461-4340','1974-05-23 21:52:26','1999-10-23 20:46:15'),(45,'kristin99@example.net','998.894.1802x78338','1998-03-19 19:39:08','1984-10-01 21:24:07'),(46,'tatyana.jacobs@example.com','397.167.6516x458','1971-09-04 08:13:27','2014-09-16 06:37:42'),(47,'scrooks@example.com','+66(0)0270237314','1989-08-09 15:57:25','1993-11-02 22:20:15'),(48,'lockman.carmelo@example.com','740-975-9216x39437','2016-11-09 21:16:08','1992-01-22 07:01:21'),(49,'shields.jesus@example.net','433-728-0295','1973-01-11 19:41:15','2010-03-30 05:17:03'),(50,'dillan89@example.com','07300767565','1999-02-12 03:38:05','1996-06-20 16:33:46'),(51,'tlakin@example.org','703.073.2213x72370','1984-12-19 22:12:38','1993-02-09 05:41:27'),(52,'cale.beahan@example.com','334-803-9594x7996','1998-01-03 17:24:00','1980-04-12 21:30:53'),(53,'yolanda.erdman@example.com','248-972-2446x94300','2011-09-02 23:48:16','1998-01-28 04:54:43'),(54,'christian.krajcik@example.com','972-259-5915x5028','1995-10-11 14:00:53','1977-11-27 08:12:19'),(55,'durgan.peter@example.org','990.020.4657x89122','2004-04-15 03:16:08','1992-01-27 12:09:57'),(56,'westley98@example.net','09375309226','2018-04-05 15:31:00','2016-07-20 02:00:37'),(57,'rogahn.stan@example.com','(252)362-4831x5030','1999-06-20 12:23:39','1995-08-06 23:12:56'),(58,'tcruickshank@example.com','866.934.9744','1993-12-27 22:03:01','1989-03-26 13:39:41'),(59,'nkoepp@example.com','+77(4)2848995984','2004-06-20 04:23:59','2017-11-02 21:26:22'),(60,'corkery.dejah@example.org','(393)455-9066','1979-11-20 16:55:18','1987-02-11 03:02:21'),(61,'faye.mcdermott@example.com','797.436.4055','2012-01-14 00:34:40','1980-02-27 00:36:51'),(62,'cecelia78@example.org','1-519-650-5971x0887','1988-11-06 05:55:23','1977-02-05 00:56:02'),(63,'autumn.bergnaum@example.org','118-209-3514','2012-12-22 19:05:23','2007-04-10 16:01:33'),(64,'helene21@example.org','985.377.4707','1997-01-10 09:04:40','2012-01-25 10:52:22'),(65,'gonzalo93@example.org','681.178.2087x6689','2007-12-04 19:54:31','1984-11-30 17:23:28'),(66,'brakus.perry@example.org','1-853-819-1690','1979-09-08 09:27:16','1977-11-15 17:18:10'),(67,'beatty.raymond@example.com','835.584.6473x1530','2016-11-25 20:34:23','2003-06-18 15:06:10'),(68,'sstoltenberg@example.org','01481964202','1995-06-16 16:33:08','1975-02-09 15:08:28'),(69,'pamela.hodkiewicz@example.com','(566)836-3231x1571','2012-04-12 19:26:40','1973-08-16 10:03:23'),(70,'hilpert.fae@example.com','(430)251-3478','1986-03-06 21:01:53','1976-10-20 23:15:24'),(71,'vsanford@example.org','426.209.9616x12921','1982-03-29 13:09:13','1991-10-30 17:45:11'),(72,'colleen.vandervort@example.com','1-858-325-4441x2009','1997-08-12 21:38:43','1981-08-08 03:00:06'),(73,'savanah.gusikowski@example.com','+50(3)5362209164','2009-10-03 08:31:08','1998-07-02 09:58:28'),(74,'mariam40@example.org','+93(3)2082787602','1973-08-17 13:47:01','1990-11-06 22:15:31'),(75,'veronica.hand@example.com','670-799-3859','2000-09-12 13:36:58','1983-10-03 06:10:43'),(76,'christiansen.stephanie@example.com','086.643.5470x498','1976-01-01 01:43:33','1984-05-05 22:29:20'),(77,'dolores62@example.net','+80(8)5732382140','2011-08-18 11:57:41','1986-12-11 00:11:13'),(78,'funk.kariane@example.org','(848)111-9840','2016-11-07 15:13:01','2014-06-01 02:43:58'),(79,'westley.thompson@example.org','(446)446-3741x2388','1993-09-13 08:54:56','2011-03-17 07:21:08'),(80,'ijacobi@example.com','1-570-662-8524x8251','2013-10-27 12:01:16','2002-04-07 16:35:27'),(81,'giovani.gerhold@example.net','910-224-8595x07594','2015-03-12 00:14:55','2008-06-06 12:30:41'),(82,'barrows.lucinda@example.org','+74(3)2614251446','2010-09-19 15:24:14','1999-09-06 17:03:05'),(83,'ellis65@example.net','1-483-288-0444x94096','1981-08-11 03:00:07','1974-06-09 03:11:26'),(84,'prosacco.luigi@example.net','08031186780','2016-11-26 11:06:58','1996-06-01 19:12:51'),(85,'carolanne.schowalter@example.net','+09(6)7440377447','1981-10-02 09:50:02','1994-10-20 07:58:22'),(86,'kaitlyn.cartwright@example.org','1-988-982-9069x1432','1994-01-24 12:07:50','1997-03-03 09:04:40'),(87,'alize.robel@example.net','760-498-8167x19601','2015-11-17 20:43:04','1983-10-02 15:43:36'),(88,'gleichner.kamron@example.org','1-129-801-9892','2000-04-24 11:17:21','1971-11-30 18:37:26'),(89,'jbayer@example.org','167.248.2717','2019-01-04 00:19:08','1993-09-29 12:39:26'),(90,'bogisich.eusebio@example.net','(472)584-8582x22642','2012-11-20 04:45:06','1985-01-16 13:08:43'),(91,'ellie95@example.org','1-718-320-4219','1993-01-24 02:48:37','2020-06-09 02:51:53'),(92,'hessel.tony@example.net','886.836.6147x89534','2014-01-20 01:54:40','1991-02-12 14:52:37'),(93,'blick.cordelia@example.org','(479)814-0570x6328','1975-06-21 12:14:07','2018-09-17 08:14:19'),(94,'agleason@example.net','01486860900','1970-09-20 19:29:14','2005-07-08 03:11:40'),(95,'dorothea.russel@example.com','690-939-0893','1992-03-02 11:39:54','1989-01-23 05:10:30'),(96,'miller.windler@example.org','00614696259','2004-01-07 17:17:30','1995-10-15 05:57:06'),(97,'nora86@example.com','310.975.6252x2952','1996-02-03 21:25:03','2020-10-21 23:06:18'),(98,'meghan.metz@example.com','+59(4)8996286103','1978-03-27 07:29:26','2006-04-17 00:54:22'),(99,'hirthe.delmer@example.org','(649)191-5022','1973-11-06 13:02:41','2006-10-05 14:38:42'),(100,'alyson77@example.net','1-997-903-0077x0679','1987-07-11 00:46:18','2004-01-20 15:26:26');
/*!40000 ALTER TABLE `users` ENABLE KEYS */;
UNLOCK TABLES;
/*!40103 SET TIME_ZONE=@OLD_TIME_ZONE */;

/*!40101 SET SQL_MODE=@OLD_SQL_MODE */;
/*!40014 SET FOREIGN_KEY_CHECKS=@OLD_FOREIGN_KEY_CHECKS */;
/*!40014 SET UNIQUE_CHECKS=@OLD_UNIQUE_CHECKS */;
/*!40101 SET CHARACTER_SET_CLIENT=@OLD_CHARACTER_SET_CLIENT */;
/*!40101 SET CHARACTER_SET_RESULTS=@OLD_CHARACTER_SET_RESULTS */;
/*!40101 SET COLLATION_CONNECTION=@OLD_COLLATION_CONNECTION */;
/*!40111 SET SQL_NOTES=@OLD_SQL_NOTES */;

-- Dump completed on 2021-03-16 17:54:42
